k,rate,block,origin,n_inj,start,origin_idx,wave_group,tp,fp,fn,tn,recall,precision,specificity,f1,block_detected,boundary_err,dm_fabricated,repair_cell_acc,origin_col,rep
1,0.05,contig,case,5260,29298,1,2018-2021,5251,0,9,99935,0.9982889733840304,1.0,1.0,0.9991437541623063,True,0.0,235,0.9887380758643375,weight,0
1,0.05,contig,case,5260,4141,1,2018-2021,5253,0,7,99935,0.9986692015209125,1.0,1.0,0.9993341577095026,True,0.0,253,0.9907325684024714,weight,1
1,0.05,contig,case,5260,38160,1,2023-2024,5250,0,10,99935,0.9980988593155894,1.0,1.0,0.9990485252140818,True,0.0,231,0.9891168831168832,weight,2
1,0.05,contig,case,5260,32431,1,2023-2024,5250,0,10,99935,0.9980988593155894,1.0,1.0,0.9990485252140818,True,0.0,246,0.9884502164502165,weight,3
1,0.05,contig,case,5260,36521,1,2018-2021,5251,0,9,99935,0.9982889733840304,1.0,1.0,0.9991437541623063,True,0.0,249,0.9884610723498555,weight,4
1,0.05,contig,case,5260,69439,1,2018-2021,5254,0,6,99935,0.9988593155893536,1.0,1.0,0.9994293323188129,True,0.0,260,0.9871785998546562,weight,5
1,0.05,contig,case,5260,27248,1,2018-2021,5250,0,10,99935,0.9980988593155894,1.0,1.0,0.9990485252140818,True,0.0,232,0.9894891774891775,weight,6
1,0.05,contig,case,5260,60073,1,2018-2021,5250,0,10,99935,0.9980988593155894,1.0,1.0,0.9990485252140818,True,0.0,260,0.9888744588744589,weight,7
1,0.05,contig,case,5260,15814,1,2023-2024,5253,0,7,99935,0.9986692015209125,1.0,1.0,0.9993341577095026,True,0.0,247,0.9871328937576795,weight,8
1,0.05,contig,case,5260,57647,1,2018-2021,5247,0,13,99935,0.9975285171102661,1.0,1.0,0.9987627296088322,True,0.0,276,0.9887554793215171,weight,9
1,0.05,contig,case,5260,87618,1,2023-2024,5252,0,8,99935,0.9984790874524715,1.0,1.0,0.9992389649923896,True,0.0,249,0.9905317454822405,weight,10
1,0.05,contig,case,5260,52258,1,2023-2024,5246,0,14,99935,0.9973384030418251,1.0,1.0,0.998667428136303,True,0.0,213,0.9889439573008006,weight,11
1,0.05,contig,case,5260,18461,1,2018-2021,5252,0,8,99935,0.9984790874524715,1.0,1.0,0.9992389649923896,True,0.0,250,0.9871304438136121,weight,12
1,0.05,contig,case,5260,16626,1,2023-2024,5254,0,6,99935,0.9988593155893536,1.0,1.0,0.9994293323188129,True,0.0,242,0.9880437415648683,weight,13
1,0.05,contig,case,5260,2672,1,2018-2021,5253,0,7,99935,0.9986692015209125,1.0,1.0,0.9993341577095026,True,0.0,258,0.9898153436131735,weight,14
1,0.05,contig,case,5260,7404,1,2023-2024,5252,0,8,99935,0.9984790874524715,1.0,1.0,0.9992389649923896,True,0.0,265,0.9916914768399917,weight,15
1,0.05,contig,case,5260,23687,1,2023-2024,5254,0,6,99935,0.9988593155893536,1.0,1.0,0.9994293323188129,True,0.0,232,0.9853964079316192,weight,16
1,0.05,contig,case,5260,20308,1,2023-2024,5252,0,8,99935,0.9984790874524715,1.0,1.0,0.9992389649923896,True,0.0,248,0.9858408917814858,weight,17
1,0.05,contig,case,5260,6550,1,2018-2021,5255,0,5,99935,0.9990494296577946,1.0,1.0,0.9995244888254874,True,0.0,275,0.9906063489317533,weight,18
1,0.05,contig,case,5260,90337,1,2018-2021,5251,0,9,99935,0.9982889733840304,1.0,1.0,0.9991437541623063,True,0.0,248,0.9884783850695106,weight,19
1,0.05,contig,case,5260,33635,2,2018-2021,5250,0,10,99935,0.9980988593155894,1.0,1.0,0.9990485252140818,True,0.0,266,0.9891065759637189,bmi,0
1,0.05,contig,case,5260,42577,2,2018-2021,5246,0,14,99935,0.9973384030418251,1.0,1.0,0.998667428136303,True,0.0,260,0.9885990232921228,bmi,1
1,0.05,contig,case,5260,8655,2,2023-2024,5254,0,6,99935,0.9988593155893536,1.0,1.0,0.9994293323188129,True,0.0,269,0.9895317853064332,bmi,2
1,0.05,contig,case,5260,67949,2,2018-2021,5255,0,5,99935,0.9990494296577946,1.0,1.0,0.9995244888254874,True,0.0,246,0.9853382266322324,bmi,3
1,0.05,contig,case,5260,78716,2,2023-2024,5252,0,8,99935,0.9984790874524715,1.0,1.0,0.9992389649923896,True,0.0,239,0.9864088057157364,bmi,4
1,0.05,contig,case,5260,76542,2,2018-2021,5251,0,9,99935,0.9982889733840304,1.0,1.0,0.9991437541623063,True,0.0,241,0.987494445502444,bmi,5
1,0.05,contig,case,5260,20444,2,2018-2021,5252,0,8,99935,0.9984790874524715,1.0,1.0,0.9992389649923896,True,0.0,245,0.9848674427882349,bmi,6
1,0.05,contig,case,5260,31260,2,2023-2024,5251,0,9,99935,0.9982889733840304,1.0,1.0,0.9991437541623063,True,0.0,228,0.9880294909813097,bmi,7
1,0.05,contig,case,5260,69814,2,2018-2021,5252,0,8,99935,0.9984790874524715,1.0,1.0,0.9992389649923896,True,0.0,259,0.9865266746454865,bmi,8
1,0.05,contig,case,5260,57655,2,2023-2024,5247,0,13,99935,0.9975285171102661,1.0,1.0,0.9987627296088322,True,0.0,277,0.9882563278789694,bmi,9
1,0.05,contig,case,5260,983,2,2018-2021,5253,0,7,99935,0.9986692015209125,1.0,1.0,0.9993341577095026,True,0.0,263,0.9883694578154887,bmi,10
1,0.05,contig,case,5260,44585,2,2018-2021,5249,0,11,99935,0.9979087452471483,1.0,1.0,0.9989532781425445,True,0.0,269,0.9868999990927977,bmi,11
1,0.05,contig,case,5260,1567,2,2018-2021,5253,0,7,99935,0.9986692015209125,1.0,1.0,0.9993341577095026,True,0.0,263,0.9879343323089753,bmi,12
1,0.05,contig,case,5260,89979,2,2023-2024,5253,0,7,99935,0.9986692015209125,1.0,1.0,0.9993341577095026,True,0.0,252,0.9874810765730241,bmi,13
1,0.05,contig,case,5260,81055,2,2018-2021,5254,0,6,99935,0.9988593155893536,1.0,1.0,0.9994293323188129,True,0.0,256,0.9876012833759312,bmi,14
1,0.05,contig,case,5260,23966,2,2023-2024,5252,0,8,99935,0.9984790874524715,1.0,1.0,0.9992389649923896,True,0.0,235,0.9853751858702354,bmi,15
1,0.05,contig,case,5260,24746,2,2018-2021,5251,0,9,99935,0.9982889733840304,1.0,1.0,0.9991437541623063,True,0.0,235,0.9855447035031876,bmi,16
1,0.05,contig,case,5260,38875,2,2023-2024,5248,0,12,99935,0.9977186311787072,1.0,1.0,0.99885801294252,True,0.0,228,0.9885489256678281,bmi,17
1,0.05,contig,case,5260,34755,2,2018-2021,5252,0,8,99935,0.9984790874524715,1.0,1.0,0.9992389649923896,True,0.0,260,0.9889747216479889,bmi,18
1,0.05,contig,case,5260,30104,2,2018-2021,5251,0,9,99935,0.9982889733840304,1.0,1.0,0.9991437541623063,True,0.0,232,0.9882017937626393,bmi,19
1,0.05,contig,case,5260,87526,3,2018-2021,5196,0,64,99935,0.9878326996197718,1.0,1.0,0.9938791124713082,True,0.0,252,0.9987394149345651,waist,0
1,0.05,contig,case,5260,47245,3,2023-2024,5180,0,80,99935,0.9847908745247148,1.0,1.0,0.9923371647509579,True,0.0,257,0.9984942084942084,waist,1
1,0.05,contig,case,5260,31332,3,2023-2024,5184,0,76,99935,0.9855513307984791,1.0,1.0,0.9927230945997703,True,0.0,227,0.9986014660493827,waist,2
1,0.05,contig,case,5260,20384,3,2023-2024,5164,0,96,99935,0.9817490494296578,1.0,1.0,0.9907904834996162,True,0.0,246,0.99856700232378,waist,3
1,0.05,contig,case,5260,22611,3,2023-2024,5159,0,101,99935,0.9807984790874524,1.0,1.0,0.9903061714176025,True,0.0,229,0.9983814692769917,waist,4
1,0.05,contig,case,5260,24227,3,2023-2024,5170,0,90,99935,0.9828897338403042,1.0,1.0,0.9913710450623202,True,0.0,233,0.9984139264990329,waist,5
1,0.05,contig,case,5260,79378,3,2023-2024,5176,0,84,99935,0.9840304182509506,1.0,1.0,0.9919509390571101,True,0.0,240,0.9980680061823802,waist,6
1,0.05,contig,case,5260,56952,3,2018-2021,5186,0,74,99935,0.9859315589353612,1.0,1.0,0.9929159486884932,True,0.0,267,0.9983513305052063,waist,7
1,0.05,contig,case,5260,26244,3,2023-2024,5178,0,82,99935,0.9844106463878327,1.0,1.0,0.9921440889059208,True,0.0,244,0.9988412514484357,waist,8
1,0.05,contig,case,5260,10580,3,2018-2021,5192,0,68,99935,0.9870722433460076,1.0,1.0,0.9934940681209338,True,0.0,238,0.9983917565485362,waist,9
1,0.05,contig,case,5260,3991,3,2018-2021,5198,0,62,99935,0.988212927756654,1.0,1.0,0.9940715241920062,True,0.0,257,0.9984609465178915,waist,10
1,0.05,contig,case,5260,28769,3,2023-2024,5180,0,80,99935,0.9847908745247148,1.0,1.0,0.9923371647509579,True,0.0,231,0.9988127413127413,waist,11
1,0.05,contig,case,5260,96424,3,2023-2024,5194,0,66,99935,0.9874524714828897,1.0,1.0,0.9936866271283719,True,0.0,223,0.9982383519445515,waist,12
1,0.05,contig,case,5260,15900,3,2023-2024,5176,0,84,99935,0.9840304182509506,1.0,1.0,0.9919509390571101,True,0.0,247,0.9982515455950541,waist,13
1,0.05,contig,case,5260,92852,3,2018-2021,5185,0,75,99935,0.9857414448669202,1.0,1.0,0.9928195308760173,True,0.0,249,0.9983220829315332,waist,14
1,0.05,contig,case,5260,59463,3,2018-2021,5181,0,79,99935,0.9849809885931559,1.0,1.0,0.992433674935351,True,0.0,250,0.9983883420189152,waist,15
1,0.05,contig,case,5260,17658,3,2018-2021,5180,0,80,99935,0.9847908745247148,1.0,1.0,0.9923371647509579,True,0.0,254,0.9983976833976834,waist,16
1,0.05,contig,case,5260,75421,3,2023-2024,5175,0,85,99935,0.9838403041825095,1.0,1.0,0.9918543363679923,True,0.0,238,0.9984830917874397,waist,17
1,0.05,contig,case,5260,74488,3,2023-2024,5176,0,84,99935,0.9840304182509506,1.0,1.0,0.9919509390571101,True,0.0,264,0.9984930448222565,waist,18
1,0.05,contig,case,5260,32481,3,2018-2021,5182,0,78,99935,0.9851711026615969,1.0,1.0,0.9925301666347444,True,0.0,249,0.9985526823620224,waist,19
1,0.05,contig,case,5260,88611,4,2018-2021,5196,0,64,99935,0.9878326996197718,1.0,1.0,0.9938791124713082,True,0.0,240,0.9985515173615331,sbp,0
1,0.05,contig,case,5260,61337,4,2018-2021,5174,0,86,99935,0.9836501901140684,1.0,1.0,0.9917577151619704,True,0.0,257,0.9986470815616544,sbp,1
1,0.05,contig,case,5260,96441,4,2018-2021,5194,0,66,99935,0.9874524714828897,1.0,1.0,0.9936866271283719,True,0.0,223,0.9982773645704558,sbp,2
1,0.05,contig,case,5260,16912,4,2023-2024,5186,0,74,99935,0.9859315589353612,1.0,1.0,0.9929159486884932,True,0.0,244,0.9981732193963505,sbp,3
1,0.05,contig,case,5260,92204,4,2018-2021,5189,0,71,99935,0.9865019011406844,1.0,1.0,0.9932050913963059,True,0.0,249,0.9983365621608463,sbp,4
1,0.05,contig,case,5260,77714,4,2018-2021,5177,0,83,99935,0.9842205323193917,1.0,1.0,0.992047523234646,True,0.0,241,0.9984648699206002,sbp,5
1,0.05,contig,case,5260,61886,4,2018-2021,5171,0,89,99935,0.9830798479087453,1.0,1.0,0.9914677403892245,True,0.0,256,0.9984223758002626,sbp,6
1,0.05,contig,case,5260,75570,4,2023-2024,5176,0,84,99935,0.9840304182509506,1.0,1.0,0.9919509390571101,True,0.0,238,0.9985357520540145,sbp,7
1,0.05,contig,case,5260,81266,4,2023-2024,5188,0,72,99935,0.9863117870722433,1.0,1.0,0.9931087289433385,True,0.0,251,0.9983666761352108,sbp,8
1,0.05,contig,case,5260,72390,4,2018-2021,5180,0,80,99935,0.9847908745247148,1.0,1.0,0.9923371647509579,True,0.0,260,0.9983133509449299,sbp,9
1,0.05,contig,case,5260,67405,4,2018-2021,5167,0,93,99935,0.9823193916349809,1.0,1.0,0.9910808477989834,True,0.0,260,0.9985128293930103,sbp,10
1,0.05,contig,case,5260,66844,4,2018-2021,5173,0,87,99935,0.9834600760456274,1.0,1.0,0.99166107543372,True,0.0,261,0.99821950003561,sbp,11
1,0.05,contig,case,5260,91215,4,2018-2021,5186,0,74,99935,0.9859315589353612,1.0,1.0,0.9929159486884932,True,0.0,262,0.9984472364868979,sbp,12
1,0.05,contig,case,5260,1674,4,2023-2024,5190,0,70,99935,0.9866920152091255,1.0,1.0,0.9933014354066986,True,0.0,267,0.9982456140350877,sbp,13
1,0.05,contig,case,5260,78372,4,2023-2024,5176,0,84,99935,0.9840304182509506,1.0,1.0,0.9919509390571101,True,0.0,239,0.9982917107296836,sbp,14
1,0.05,contig,case,5260,23222,4,2018-2021,5161,0,99,99935,0.9811787072243346,1.0,1.0,0.9904999520199598,True,0.0,227,0.9984091210393743,sbp,15
1,0.05,contig,case,5260,57510,4,2023-2024,5180,0,80,99935,0.9847908745247148,1.0,1.0,0.9923371647509579,True,0.0,276,0.9983133509449299,sbp,16
1,0.05,contig,case,5260,48681,4,2018-2021,5186,0,74,99935,0.9859315589353612,1.0,1.0,0.9929159486884932,True,0.0,241,0.998528426735949,sbp,17
1,0.05,contig,case,5260,56565,4,2018-2021,5186,0,74,99935,0.9859315589353612,1.0,1.0,0.9929159486884932,True,0.0,258,0.998477682830292,sbp,18
1,0.05,contig,case,5260,42049,4,2018-2021,5181,0,79,99935,0.9849809885931559,1.0,1.0,0.992433674935351,True,0.0,245,0.9986285923262121,sbp,19
1,0.05,contig,case,5260,76788,5,2023-2024,5178,0,82,99935,0.9844106463878327,1.0,1.0,0.9921440889059208,True,0.0,235,0.9985408351572894,dbp,0
1,0.05,contig,case,5260,51997,5,2018-2021,5179,0,81,99935,0.9846007604562738,1.0,1.0,0.9922406360762525,True,0.0,216,0.9986376606380468,dbp,1
1,0.05,contig,case,5260,80299,5,2023-2024,5184,0,76,99935,0.9855513307984791,1.0,1.0,0.9927230945997703,True,0.0,244,0.99821030521262,dbp,2
1,0.05,contig,case,5260,3476,5,2018-2021,5197,0,63,99935,0.9880228136882129,1.0,1.0,0.993975327531797,True,0.0,250,0.9985568597267654,dbp,3
1,0.05,contig,case,5260,39279,5,2023-2024,5179,0,81,99935,0.9846007604562738,1.0,1.0,0.9922406360762525,True,0.0,232,0.9987878397803094,dbp,4
1,0.05,contig,case,5260,80816,5,2018-2021,5185,0,75,99935,0.9857414448669202,1.0,1.0,0.9928195308760173,True,0.0,251,0.9982535090538948,dbp,5
1,0.05,contig,case,5260,23361,5,2023-2024,5159,0,101,99935,0.9807984790874524,1.0,1.0,0.9903061714176025,True,0.0,230,0.9984385432146626,dbp,6
1,0.05,contig,case,5260,70095,5,2018-2021,5174,0,86,99935,0.9836501901140684,1.0,1.0,0.9917577151619704,True,0.0,268,0.9984430700511102,dbp,7
1,0.05,contig,case,5260,78290,5,2018-2021,5177,0,83,99935,0.9842205323193917,1.0,1.0,0.992047523234646,True,0.0,238,0.9983259287875861,dbp,8
1,0.05,contig,case,5260,9945,5,2018-2021,5192,0,68,99935,0.9870722433460076,1.0,1.0,0.9934940681209338,True,0.0,241,0.9983735661701764,dbp,9
1,0.05,contig,case,5260,87365,5,2018-2021,5196,0,64,99935,0.9878326996197718,1.0,1.0,0.9938791124713082,True,0.0,254,0.9988024976477632,dbp,10
1,0.05,contig,case,5260,36809,5,2018-2021,5182,0,78,99935,0.9851711026615969,1.0,1.0,0.9925301666347444,True,0.0,235,0.9986920536901239,dbp,11
1,0.05,contig,case,5260,55126,5,2023-2024,5182,0,78,99935,0.9851711026615969,1.0,1.0,0.9925301666347444,True,0.0,244,0.9982953814486042,dbp,12
1,0.05,contig,case,5260,30785,5,2023-2024,5179,0,81,99935,0.9846007604562738,1.0,1.0,0.9922406360762525,True,0.0,226,0.9986376606380468,dbp,13
1,0.05,contig,case,5260,35841,5,2023-2024,5190,0,70,99935,0.9866920152091255,1.0,1.0,0.9933014354066986,True,0.0,252,0.9985228002569043,dbp,14
1,0.05,contig,case,5260,67857,5,2018-2021,5170,0,90,99935,0.9828897338403042,1.0,1.0,0.9913710450623202,True,0.0,249,0.9985385772619815,dbp,15
1,0.05,contig,case,5260,84402,5,2018-2021,5199,0,61,99935,0.9884030418250951,1.0,1.0,0.9941677024572139,True,0.0,259,0.9983330127588639,dbp,16
1,0.05,contig,case,5260,536,5,2023-2024,5189,0,71,99935,0.9865019011406844,1.0,1.0,0.9932050913963059,True,0.0,272,0.9984903963512559,dbp,17
1,0.05,contig,case,5260,83855,5,2023-2024,5194,0,66,99935,0.9874524714828897,1.0,1.0,0.9936866271283719,True,0.0,260,0.9984169768536345,dbp,18
1,0.05,contig,case,5260,71852,5,2018-2021,5174,0,86,99935,0.9836501901140684,1.0,1.0,0.9917577151619704,True,0.0,267,0.9983034832281064,dbp,19
1,0.05,contig,case,5260,52441,6,2023-2024,5180,0,80,99935,0.9847908745247148,1.0,1.0,0.9923371647509579,True,0.0,217,0.9985010220304338,wbc,0
1,0.05,contig,case,5260,18354,6,2018-2021,5170,0,90,99935,0.9828897338403042,1.0,1.0,0.9913710450623202,True,0.0,252,0.9986119012401866,wbc,1
1,0.05,contig,case,5260,86908,6,2018-2021,5188,0,72,99935,0.9863117870722433,1.0,1.0,0.9931087289433385,True,0.0,259,0.9986053789287496,wbc,2
1,0.05,contig,case,5260,79691,6,2023-2024,5182,0,78,99935,0.9851711026615969,1.0,1.0,0.9925301666347444,True,0.0,236,0.9980134855949326,wbc,3
1,0.05,contig,case,5260,34041,6,2023-2024,5192,0,68,99935,0.9870722433460076,1.0,1.0,0.9934940681209338,True,0.0,265,0.9985724644249071,wbc,4
1,0.05,contig,case,5260,59106,6,2023-2024,5177,0,83,99935,0.9842205323193917,1.0,1.0,0.992047523234646,True,0.0,256,0.9984887909191106,wbc,5
1,0.05,contig,case,5260,88551,6,2018-2021,5196,0,64,99935,0.9878326996197718,1.0,1.0,0.9938791124713082,True,0.0,243,0.9985509215233438,wbc,6
1,0.05,contig,case,5260,84863,6,2018-2021,5194,0,66,99935,0.9874524714828897,1.0,1.0,0.9936866271283719,True,0.0,266,0.9984144601236721,wbc,7
1,0.05,contig,case,5260,6931,6,2018-2021,5203,0,57,99935,0.9891634980988593,1.0,1.0,0.9945522316735161,True,0.0,264,0.9986885394173045,wbc,8
1,0.05,contig,case,5260,66985,6,2023-2024,5171,0,89,99935,0.9830798479087453,1.0,1.0,0.9914677403892245,True,0.0,264,0.9984301591454605,wbc,9
1,0.05,contig,case,5260,20459,6,2018-2021,5163,0,97,99935,0.9815589353612167,1.0,1.0,0.9906936582557806,True,0.0,245,0.9984619065522781,wbc,10
1,0.05,contig,case,5260,63887,6,2018-2021,5171,0,89,99935,0.9830798479087453,1.0,1.0,0.9914677403892245,True,0.0,274,0.998202645978136,wbc,11
1,0.05,contig,case,5260,48204,6,2023-2024,5191,0,69,99935,0.9868821292775666,1.0,1.0,0.9933977609798106,True,0.0,248,0.998628848572756,wbc,12
1,0.05,contig,case,5260,97741,6,2023-2024,5188,0,72,99935,0.9863117870722433,1.0,1.0,0.9931087289433385,True,0.0,241,0.9983219193614223,wbc,13
1,0.05,contig,case,5260,99408,6,2018-2021,5179,0,81,99935,0.9846007604562738,1.0,1.0,0.9922406360762525,True,0.0,231,0.9984893745101825,wbc,14
1,0.05,contig,case,5260,14021,6,2023-2024,5183,0,77,99935,0.9853612167300381,1.0,1.0,0.992626639854448,True,0.0,228,0.9982181566433249,wbc,15
1,0.05,contig,case,5260,81528,6,2018-2021,5190,0,70,99935,0.9866920152091255,1.0,1.0,0.9933014354066986,True,0.0,251,0.9983679020741244,wbc,16
1,0.05,contig,case,5260,14964,6,2023-2024,5185,0,75,99935,0.9857414448669202,1.0,1.0,0.9928195308760173,True,0.0,238,0.998457087753134,wbc,17
1,0.05,contig,case,5260,84711,6,2018-2021,5196,0,64,99935,0.9878326996197718,1.0,1.0,0.9938791124713082,True,0.0,267,0.998437712267355,wbc,18
1,0.05,contig,case,5260,93042,6,2018-2021,5189,0,71,99935,0.9865019011406844,1.0,1.0,0.9932050913963059,True,0.0,246,0.9986963372745513,wbc,19
1,0.05,contig,case,5260,98872,7,2018-2021,5183,0,77,99935,0.9853612167300381,1.0,1.0,0.992626639854448,True,0.0,231,0.9980947327802431,plt,0
1,0.05,contig,case,5260,30942,7,2018-2021,5177,0,83,99935,0.9842205323193917,1.0,1.0,0.992047523234646,True,0.0,224,0.998466776125169,plt,1
1,0.05,contig,case,5260,53556,7,2018-2021,5174,0,86,99935,0.9836501901140684,1.0,1.0,0.9917577151619704,True,0.0,233,0.9982242945496714,plt,2
1,0.05,contig,case,5260,21693,7,2023-2024,5158,0,102,99935,0.9806083650190114,1.0,1.0,0.9902092532155884,True,0.0,241,0.9984126599457154,plt,3
1,0.05,contig,case,5260,39450,7,2018-2021,5176,0,84,99935,0.9840304182509506,1.0,1.0,0.9919509390571101,True,0.0,238,0.9986596792890263,plt,4
1,0.05,contig,case,5260,29418,7,2023-2024,5183,0,77,99935,0.9853612167300381,1.0,1.0,0.992626639854448,True,0.0,234,0.9987700173644607,plt,5
1,0.05,contig,case,5260,67779,7,2018-2021,5169,0,91,99935,0.9826996197718632,1.0,1.0,0.9912743311918688,True,1.0,246,0.9984160379183594,plt,6
1,0.05,contig,case,5260,41432,7,2018-2021,5187,0,73,99935,0.9861216730038023,1.0,1.0,0.9930123480425003,True,0.0,250,0.9987830152303836,plt,7
1,0.05,contig,case,5260,57672,7,2018-2021,5181,0,79,99935,0.9849809885931559,1.0,1.0,0.992433674935351,True,0.0,276,0.9983593900791353,plt,8
1,0.05,contig,case,5260,19783,7,2023-2024,5170,0,90,99935,0.9828897338403042,1.0,1.0,0.9913710450623202,True,0.0,245,0.9984163442940038,plt,9
1,0.05,contig,case,5260,92724,7,2018-2021,5189,0,71,99935,0.9865019011406844,1.0,1.0,0.9932050913963059,True,0.0,247,0.9982776064752361,plt,10
1,0.05,contig,case,5260,24466,7,2023-2024,5168,0,92,99935,0.9825095057034221,1.0,1.0,0.9911775987725355,True,0.0,236,0.9983310758513931,plt,11
1,0.05,contig,case,5260,86250,7,2023-2024,5192,0,68,99935,0.9870722433460076,1.0,1.0,0.9934940681209338,True,0.0,258,0.9985073189522342,plt,12
1,0.05,contig,case,5260,14111,7,2018-2021,5181,0,79,99935,0.9849809885931559,1.0,1.0,0.992433674935351,True,0.0,230,0.9983232001544103,plt,13
1,0.05,contig,case,5260,71797,7,2018-2021,5173,0,87,99935,0.9834600760456274,1.0,1.0,0.99166107543372,True,0.0,272,0.9981393775372125,plt,14
1,0.05,contig,case,5260,16102,7,2018-2021,5175,0,85,99935,0.9838403041825095,1.0,1.0,0.9918543363679923,True,0.0,243,0.9983333333333333,plt,15
1,0.05,contig,case,5260,17151,7,2018-2021,5183,0,77,99935,0.9853612167300381,1.0,1.0,0.992626639854448,True,0.0,245,0.9982756125795871,plt,16
1,0.05,contig,case,5260,13658,7,2018-2021,5182,0,78,99935,0.9851711026615969,1.0,1.0,0.9925301666347444,True,0.0,234,0.9981787919722115,plt,17
1,0.05,contig,case,5260,37997,7,2023-2024,5184,0,76,99935,0.9855513307984791,1.0,1.0,0.9927230945997703,True,0.0,228,0.9989028742283951,plt,18
1,0.05,contig,case,5260,90599,7,2018-2021,5182,0,78,99935,0.9851711026615969,1.0,1.0,0.9925301666347444,True,0.0,257,0.9984561945194905,plt,19
1,0.05,contig,case,5260,91513,8,2018-2021,5186,0,74,99935,0.9859315589353612,1.0,1.0,0.9929159486884932,True,0.0,254,0.9984059647769636,hb,0
1,0.05,contig,case,5260,65408,8,2023-2024,5168,0,92,99935,0.9825095057034221,1.0,1.0,0.9911775987725355,True,0.0,260,0.9981682146542827,hb,1
1,0.05,contig,case,5260,25535,8,2023-2024,5173,0,87,99935,0.9834600760456274,1.0,1.0,0.99166107543372,True,0.0,238,0.9985437206005542,hb,2
1,0.05,contig,case,5260,76238,8,2018-2021,5172,0,88,99935,0.9832699619771863,1.0,1.0,0.9915644171779141,True,0.0,240,0.9987238979118329,hb,3
1,0.05,contig,case,5260,57141,8,2018-2021,5187,0,73,99935,0.9861216730038023,1.0,1.0,0.9930123480425003,True,0.0,270,0.9983805668016195,hb,4
1,0.05,contig,case,5260,70015,8,2023-2024,5175,0,85,99935,0.9838403041825095,1.0,1.0,0.9918543363679923,True,0.0,263,0.9982351046698873,hb,5
1,0.05,contig,case,5260,37253,8,2023-2024,5178,0,82,99935,0.9844106463878327,1.0,1.0,0.9921440889059208,True,0.0,228,0.9986352517059354,hb,6
1,0.05,contig,case,5260,72958,8,2018-2021,5181,0,79,99935,0.9849809885931559,1.0,1.0,0.992433674935351,True,1.0,271,0.9980827382101267,hb,7
1,0.05,contig,case,5260,78194,8,2023-2024,5174,0,86,99935,0.9836501901140684,1.0,1.0,0.9917577151619704,True,0.0,243,0.9987115062491947,hb,8
1,0.05,contig,case,5260,91851,8,2018-2021,5191,0,69,99935,0.9868821292775666,1.0,1.0,0.9933977609798106,True,0.0,246,0.9982919154947666,hb,9
1,0.05,contig,case,5260,47610,8,2018-2021,5179,0,81,99935,0.9846007604562738,1.0,1.0,0.9922406360762525,True,0.0,250,0.9984424277531055,hb,10
1,0.05,contig,case,5260,56445,8,2018-2021,5184,0,76,99935,0.9855513307984791,1.0,1.0,0.9927230945997703,True,0.0,263,0.9984696502057613,hb,11
1,0.05,contig,case,5260,54740,8,2018-2021,5181,0,79,99935,0.9849809885931559,1.0,1.0,0.992433674935351,True,0.0,233,0.9981856784404555,hb,12
1,0.05,contig,case,5260,14536,8,2023-2024,5185,0,75,99935,0.9857414448669202,1.0,1.0,0.9928195308760173,True,0.0,237,0.998392799742848,hb,13
1,0.05,contig,case,5260,40166,8,2023-2024,5180,0,80,99935,0.9847908745247148,1.0,1.0,0.9923371647509579,True,0.0,230,0.9986229086229086,hb,14
1,0.05,contig,case,5260,35628,8,2018-2021,5187,0,73,99935,0.9861216730038023,1.0,1.0,0.9930123480425003,True,0.0,249,0.9985219458903669,hb,15
1,0.05,contig,case,5260,63755,8,2023-2024,5175,0,85,99935,0.9838403041825095,1.0,1.0,0.9918543363679923,True,0.0,272,0.9981062801932367,hb,16
1,0.05,contig,case,5260,40178,8,2018-2021,5181,0,79,99935,0.9849809885931559,1.0,1.0,0.992433674935351,True,0.0,231,0.9986231744193528,hb,17
1,0.05,contig,case,5260,32899,8,2023-2024,5177,0,83,99935,0.9842205323193917,1.0,1.0,0.992047523234646,True,0.0,247,0.9983903161419098,hb,18
1,0.05,contig,case,5260,87805,8,2023-2024,5197,0,63,99935,0.9880228136882129,1.0,1.0,0.993975327531797,True,0.0,248,0.9983708549804374,hb,19
1,0.05,contig,case,5260,67497,9,2018-2021,5166,0,94,99935,0.9821292775665399,1.0,1.0,0.9909840782658738,True,0.0,258,0.9982854930590123,tbil,0
1,0.05,contig,case,5260,2275,9,2023-2024,5193,0,67,99935,0.9872623574144487,1.0,1.0,0.9935903568353583,True,0.0,269,0.9982668977469671,tbil,1
1,0.05,contig,case,5260,39613,9,2018-2021,5178,0,82,99935,0.9844106463878327,1.0,1.0,0.9921440889059208,True,0.0,233,0.998510180433703,tbil,2
1,0.05,contig,case,5260,37483,9,2023-2024,5179,0,81,99935,0.9846007604562738,1.0,1.0,0.9922406360762525,True,0.0,226,0.9985656359473699,tbil,3
1,0.05,contig,case,5260,33537,9,2018-2021,5186,0,74,99935,0.9859315589353612,1.0,1.0,0.9929159486884932,True,0.0,263,0.998429838576387,tbil,4
1,0.05,contig,case,5260,7465,9,2023-2024,5205,0,55,99935,0.9895437262357415,1.0,1.0,0.9947443860487338,True,0.0,267,0.998408124056539,tbil,5
1,0.05,contig,case,5260,12826,9,2023-2024,5180,0,80,99935,0.9847908745247148,1.0,1.0,0.9923371647509579,True,0.0,229,0.9981660231660232,tbil,6
1,0.05,contig,case,5260,1393,9,2023-2024,5186,0,74,99935,0.9859315589353612,1.0,1.0,0.9929159486884932,True,0.0,259,0.9981681450057848,tbil,7
1,0.05,contig,case,5260,70581,9,2023-2024,5175,0,85,99935,0.9838403041825095,1.0,1.0,0.9918543363679923,True,0.0,271,0.9980952380952381,tbil,8
1,0.05,contig,case,5260,56821,9,2018-2021,5184,0,76,99935,0.9855513307984791,1.0,1.0,0.9927230945997703,True,0.0,265,0.9984292328042328,tbil,9
1,0.05,contig,case,5260,9760,9,2018-2021,5187,0,73,99935,0.9861216730038023,1.0,1.0,0.9930123480425003,True,0.0,249,0.998196039549423,tbil,10
1,0.05,contig,case,5260,23606,9,2023-2024,5165,0,95,99935,0.9819391634980988,1.0,1.0,0.9908872901678658,True,0.0,233,0.9980362328861845,tbil,11
1,0.05,contig,case,5260,15534,9,2023-2024,5177,0,83,99935,0.9842205323193917,1.0,1.0,0.992047523234646,True,0.0,249,0.998289136013687,tbil,12
1,0.05,contig,case,5260,736,9,2018-2021,5192,0,68,99935,0.9870722433460076,1.0,1.0,0.9934940681209338,True,0.0,266,0.9981977767994717,tbil,13
1,0.05,contig,case,5260,17862,9,2018-2021,5175,0,85,99935,0.9838403041825095,1.0,1.0,0.9918543363679923,True,0.0,252,0.9983022774327123,tbil,14
1,0.05,contig,case,5260,51675,9,2023-2024,5184,0,76,99935,0.9855513307984791,1.0,1.0,0.9927230945997703,True,0.0,218,0.9984016754850088,tbil,15
1,0.05,contig,case,5260,14796,9,2018-2021,5184,0,76,99935,0.9855513307984791,1.0,1.0,0.9927230945997703,True,0.0,235,0.9984016754850088,tbil,16
1,0.05,contig,case,5260,76522,9,2023-2024,5175,0,85,99935,0.9838403041825095,1.0,1.0,0.9918543363679923,True,0.0,241,0.998743961352657,tbil,17
1,0.05,contig,case,5260,83851,9,2018-2021,5194,0,66,99935,0.9874524714828897,1.0,1.0,0.9936866271283719,True,0.0,260,0.9982122228945487,tbil,18
1,0.05,contig,case,5260,51317,9,2018-2021,5181,0,79,99935,0.9849809885931559,1.0,1.0,0.992433674935351,True,0.0,219,0.9983593900791353,tbil,19
1,0.05,contig,case,5260,25032,10,2018-2021,5164,0,96,99935,0.9817490494296578,1.0,1.0,0.9907904834996162,True,0.0,242,0.9982869570398618,alt,0
1,0.05,contig,case,5260,76300,10,2018-2021,5171,0,89,99935,0.9830798479087453,1.0,1.0,0.9914677403892245,True,0.0,240,0.998586793210657,alt,1
1,0.05,contig,case,5260,92478,10,2018-2021,5187,0,73,99935,0.9861216730038023,1.0,1.0,0.9930123480425003,True,0.0,247,0.9981165932582937,alt,2
1,0.05,contig,case,5260,41919,10,2018-2021,5183,0,77,99935,0.9853612167300381,1.0,1.0,0.992626639854448,True,0.0,248,0.9984416509594978,alt,3
1,0.05,contig,case,5260,9222,10,2018-2021,5190,0,70,99935,0.9866920152091255,1.0,1.0,0.9933014354066986,True,0.0,259,0.9980880391285015,alt,4
1,0.05,contig,case,5260,46312,10,2018-2021,5168,0,92,99935,0.9825095057034221,1.0,1.0,0.9911775987725355,True,0.0,260,0.998109668968802,alt,5
1,0.05,contig,case,5260,10510,10,2023-2024,5193,0,67,99935,0.9872623574144487,1.0,1.0,0.9935903568353583,True,0.0,239,0.9982076463878891,alt,6
1,0.05,contig,case,5260,87895,10,2018-2021,5198,0,62,99935,0.988212927756654,1.0,1.0,0.9940715241920062,True,0.0,245,0.9981649746944091,alt,7
1,0.05,contig,case,5260,5514,10,2018-2021,5201,0,59,99935,0.9887832699619772,1.0,1.0,0.9943600038237262,True,0.0,254,0.9981808232144705,alt,8
1,0.05,contig,case,5260,67819,10,2018-2021,5170,0,90,99935,0.9828897338403042,1.0,1.0,0.9913710450623202,True,0.0,247,0.9982145514060408,alt,9
1,0.05,contig,case,5260,20594,10,2018-2021,5163,0,97,99935,0.9815589353612167,1.0,1.0,0.9906936582557806,True,0.0,240,0.9980631415843502,alt,10
1,0.05,contig,case,5260,58086,10,2023-2024,5184,0,76,99935,0.9855513307984791,1.0,1.0,0.9927230945997703,True,0.0,271,0.9982935660018993,alt,11
1,0.05,contig,case,5260,43774,10,2023-2024,5177,0,83,99935,0.9842205323193917,1.0,1.0,0.992047523234646,True,0.0,257,0.9980683793702917,alt,12
1,0.05,contig,case,5260,77763,10,2023-2024,5174,0,86,99935,0.9836501901140684,1.0,1.0,0.9917577151619704,True,0.0,248,0.998617347090482,alt,13
1,0.05,contig,case,5260,6431,10,2023-2024,5202,0,58,99935,0.9889733840304182,1.0,1.0,0.9944561269355764,True,0.0,271,0.9982698961937716,alt,14
1,0.05,contig,case,5260,52704,10,2018-2021,5176,0,84,99935,0.9840304182509506,1.0,1.0,0.9919509390571101,True,0.0,225,0.9981720366187136,alt,15
1,0.05,contig,case,5260,76796,10,2018-2021,5174,0,86,99935,0.9836501901140684,1.0,1.0,0.9917577151619704,True,0.0,236,0.9987065505039993,alt,16
1,0.05,contig,case,5260,79167,10,2023-2024,5174,0,86,99935,0.9836501901140684,1.0,1.0,0.9917577151619704,True,0.0,244,0.9984538074990337,alt,17
1,0.05,contig,case,5260,14318,10,2023-2024,5184,0,76,99935,0.9855513307984791,1.0,1.0,0.9927230945997703,True,0.0,230,0.9982490503323836,alt,18
1,0.05,contig,case,5260,99099,10,2018-2021,5181,0,79,99935,0.9849809885931559,1.0,1.0,0.992433674935351,True,0.0,225,0.9980401763841255,alt,19
1,0.05,contig,case,5260,56408,11,2018-2021,5183,0,77,99935,0.9853612167300381,1.0,1.0,0.992626639854448,True,0.0,262,0.9981831629043668,ast,0
1,0.05,contig,case,5260,66004,11,2023-2024,5169,0,91,99935,0.9826996197718632,1.0,1.0,0.9912743311918688,True,0.0,252,0.997952537563681,ast,1
1,0.05,contig,case,5260,34813,11,2018-2021,5188,0,72,99935,0.9863117870722433,1.0,1.0,0.9931087289433385,True,0.0,261,0.9981849139038808,ast,2
1,0.05,contig,case,5260,95858,11,2018-2021,5196,0,64,99935,0.9878326996197718,1.0,1.0,0.9938791124713082,True,0.0,229,0.9983480882730306,ast,3
1,0.05,contig,case,5260,1074,11,2018-2021,5187,0,73,99935,0.9861216730038023,1.0,1.0,0.9930123480425003,True,0.0,261,0.9978953794743268,ast,4
1,0.05,contig,case,5260,85586,11,2018-2021,5190,0,70,99935,0.9866920152091255,1.0,1.0,0.9933014354066986,True,0.0,257,0.9981856133590238,ast,5
1,0.05,contig,case,5260,79369,11,2018-2021,5173,0,87,99935,0.9834600760456274,1.0,1.0,0.99166107543372,True,0.0,240,0.9980991043237322,ast,6
1,0.05,contig,case,5260,94762,11,2018-2021,5192,0,68,99935,0.9870722433460076,1.0,1.0,0.9934940681209338,True,0.0,241,0.9981702619414484,ast,7
1,0.05,contig,case,5260,41636,11,2018-2021,5186,0,74,99935,0.9859315589353612,1.0,1.0,0.9929159486884932,True,0.0,244,0.9985377297853194,ast,8
1,0.05,contig,case,5260,79904,11,2023-2024,5179,0,81,99935,0.9846007604562738,1.0,1.0,0.9922406360762525,True,0.0,245,0.9980369440689966,ast,9
1,0.05,contig,case,5260,46050,11,2023-2024,5166,0,94,99935,0.9821292775665399,1.0,1.0,0.9909840782658738,True,0.0,258,0.9979513485611047,ast,10
1,0.05,contig,case,5260,56475,11,2018-2021,5183,0,77,99935,0.9853612167300381,1.0,1.0,0.992626639854448,True,0.0,261,0.9981670846999807,ast,11
1,0.05,contig,case,5260,83524,11,2018-2021,5193,0,67,99935,0.9872623574144487,1.0,1.0,0.9935903568353583,True,0.0,262,0.9979459528852943,ast,12
1,0.05,contig,case,5260,81972,11,2018-2021,5189,0,71,99935,0.9865019011406844,1.0,1.0,0.9932050913963059,True,0.0,265,0.9979443694995824,ast,13
1,0.05,contig,case,5260,60071,11,2023-2024,5184,0,76,99935,0.9855513307984791,1.0,1.0,0.9927230945997703,True,0.0,260,0.9982638888888888,ast,14
1,0.05,contig,case,5260,11895,11,2023-2024,5176,0,84,99935,0.9840304182509506,1.0,1.0,0.9919509390571101,True,0.0,243,0.9980197063369397,ast,15
1,0.05,contig,case,5260,4633,11,2018-2021,5196,0,64,99935,0.9878326996197718,1.0,1.0,0.9938791124713082,True,0.0,248,0.9980273287143957,ast,16
1,0.05,contig,case,5260,36640,11,2018-2021,5180,0,80,99935,0.9847908745247148,1.0,1.0,0.9923371647509579,True,0.0,242,0.9982947232947232,ast,17
1,0.05,contig,case,5260,20752,11,2023-2024,5162,0,98,99935,0.9813688212927757,1.0,1.0,0.9905968144310113,True,0.0,236,0.997917473847346,ast,18
1,0.05,contig,case,5260,17901,11,2018-2021,5175,0,85,99935,0.9838403041825095,1.0,1.0,0.9918543363679923,True,0.0,252,0.9980837359098229,ast,19
1,0.05,contig,case,5260,67951,12,2018-2021,5170,0,90,99935,0.9828897338403042,1.0,1.0,0.9913710450623202,True,0.0,246,0.997925092315808,bun,0
1,0.05,contig,case,5260,95330,12,2018-2021,5192,0,68,99935,0.9870722433460076,1.0,1.0,0.9934940681209338,True,0.0,244,0.9982140355792127,bun,1
1,0.05,contig,case,5260,29618,12,2023-2024,5186,0,74,99935,0.9859315589353612,1.0,1.0,0.9929159486884932,True,0.0,231,0.9982996178522596,bun,2
1,0.05,contig,case,5260,76470,12,2018-2021,5173,0,87,99935,0.9834600760456274,1.0,1.0,0.99166107543372,True,0.0,239,0.9984183610705938,bun,3
1,0.05,contig,case,5260,75080,12,2018-2021,5173,0,87,99935,0.9834600760456274,1.0,1.0,0.99166107543372,True,0.0,249,0.998066885752948,bun,4
1,0.05,contig,case,5260,78638,12,2018-2021,5173,0,87,99935,0.9834600760456274,1.0,1.0,0.99166107543372,True,0.0,240,0.9982601971776532,bun,5
1,0.05,contig,case,5260,80549,12,2023-2024,5184,0,76,99935,0.9855513307984791,1.0,1.0,0.9927230945997703,True,0.0,245,0.9977904040404041,bun,6
1,0.05,contig,case,5260,52839,12,2023-2024,5179,0,81,99935,0.9846007604562738,1.0,1.0,0.9922406360762525,True,0.0,230,0.9978409310326669,bun,7
1,0.05,contig,case,5260,94817,12,2023-2024,5192,0,68,99935,0.9870722433460076,1.0,1.0,0.9934940681209338,True,0.0,242,0.9980914693934725,bun,8
1,0.05,contig,case,5260,88789,12,2023-2024,5193,0,67,99935,0.9872623574144487,1.0,1.0,0.9935903568353583,True,0.0,247,0.9980218125798715,bun,9
1,0.05,contig,case,5260,57814,12,2023-2024,5185,0,75,99935,0.9857414448669202,1.0,1.0,0.9928195308760173,True,0.0,270,0.9979661611291313,bun,10
1,0.05,contig,case,5260,87626,12,2023-2024,5197,0,63,99935,0.9880228136882129,1.0,1.0,0.993975327531797,True,0.0,249,0.9981807686252558,bun,11
1,0.05,contig,case,5260,11473,12,2018-2021,5178,0,82,99935,0.9844106463878327,1.0,1.0,0.9921440889059208,True,0.0,243,0.9979107412479371,bun,12
1,0.05,contig,case,5260,67511,12,2023-2024,5166,0,94,99935,0.9821292775665399,1.0,1.0,0.9909840782658738,True,0.0,258,0.9980994615140957,bun,13
1,0.05,contig,case,5260,85414,12,2018-2021,5195,0,65,99935,0.9876425855513308,1.0,1.0,0.9937828790052606,True,0.0,261,0.9980925715285677,bun,14
1,0.05,contig,case,5260,89532,12,2023-2024,5183,0,77,99935,0.9853612167300381,1.0,1.0,0.992626639854448,True,0.0,258,0.9979478364583516,bun,15
1,0.05,contig,case,5260,3196,12,2018-2021,5195,0,65,99935,0.9876425855513308,1.0,1.0,0.9937828790052606,True,0.0,255,0.9978650800594978,bun,16
1,0.05,contig,case,5260,53263,12,2023-2024,5179,0,81,99935,0.9846007604562738,1.0,1.0,0.9922406360762525,True,0.0,230,0.9976653969702821,bun,17
1,0.05,contig,case,5260,17002,12,2018-2021,5184,0,76,99935,0.9855513307984791,1.0,1.0,0.9927230945997703,True,0.0,240,0.9978430134680135,bun,18
1,0.05,contig,case,5260,72865,12,2023-2024,5179,0,81,99935,0.9846007604562738,1.0,1.0,0.9922406360762525,True,0.0,269,0.9975600765328512,bun,19
1,0.05,contig,case,5260,82896,13,2023-2024,5185,0,75,99935,0.9857414448669202,1.0,1.0,0.9928195308760173,True,0.0,264,0.9973577627772421,crea,0
1,0.05,contig,case,5260,15133,13,2023-2024,5183,0,77,99935,0.9853612167300381,1.0,1.0,0.992626639854448,True,0.0,244,0.9979548524020837,crea,1
1,0.05,contig,case,5260,411,13,2018-2021,5190,0,70,99935,0.9866920152091255,1.0,1.0,0.9933014354066986,True,0.0,274,0.9978227360308285,crea,2
1,0.05,contig,case,5260,19487,13,2018-2021,5168,0,92,99935,0.9825095057034221,1.0,1.0,0.9911775987725355,True,0.0,251,0.9978328173374613,crea,3
1,0.05,contig,case,5260,50088,13,2023-2024,5179,0,81,99935,0.9846007604562738,1.0,1.0,0.9922406360762525,True,0.0,227,0.9982235952886658,crea,4
1,0.05,contig,case,5260,83372,13,2018-2021,5191,0,69,99935,0.9868821292775666,1.0,1.0,0.9933977609798106,True,0.0,261,0.9975919861298401,crea,5
1,0.05,contig,case,5260,10371,13,2018-2021,5192,0,68,99935,0.9870722433460076,1.0,1.0,0.9934940681209338,True,0.0,243,0.9977657935285054,crea,6
1,0.05,contig,case,5260,46106,13,2023-2024,5166,0,94,99935,0.9821292775665399,1.0,1.0,0.9909840782658738,True,0.0,258,0.9975996902826171,crea,7
1,0.05,contig,case,5260,21623,13,2018-2021,5160,0,100,99935,0.9809885931558935,1.0,1.0,0.9904030710172744,True,0.0,243,0.9975581395348837,crea,8
1,0.05,contig,case,5260,50044,13,2023-2024,5178,0,82,99935,0.9844106463878327,1.0,1.0,0.9921440889059208,True,1.0,225,0.9982425646967942,crea,9
1,0.05,contig,case,5260,54709,13,2023-2024,5179,0,81,99935,0.9846007604562738,1.0,1.0,0.9922406360762525,True,0.0,235,0.9974705541610349,crea,10
1,0.05,contig,case,5260,22661,13,2018-2021,5160,0,100,99935,0.9809885931558935,1.0,1.0,0.9904030710172744,True,0.0,228,0.9973062015503876,crea,11
1,0.05,contig,case,5260,20473,13,2018-2021,5163,0,97,99935,0.9815589353612167,1.0,1.0,0.9906936582557806,True,0.0,245,0.9975789269804377,crea,12
1,0.05,contig,case,5260,32745,13,2018-2021,5179,0,81,99935,0.9846007604562738,1.0,1.0,0.9922406360762525,True,0.0,246,0.9977408766171075,crea,13
1,0.05,contig,case,5260,45250,13,2023-2024,5172,0,88,99935,0.9832699619771863,1.0,1.0,0.9915644171779141,True,0.0,268,0.9976411446249033,crea,14
1,0.05,contig,case,5260,69902,13,2023-2024,5175,0,85,99935,0.9838403041825095,1.0,1.0,0.9918543363679923,True,0.0,258,0.9976231884057971,crea,15
1,0.05,contig,case,5260,97195,13,2018-2021,5189,0,71,99935,0.9865019011406844,1.0,1.0,0.9932050913963059,True,0.0,239,0.9978994025823859,crea,16
1,0.05,contig,case,5260,90682,13,2018-2021,5181,0,79,99935,0.9849809885931559,1.0,1.0,0.992433674935351,True,1.0,258,0.9979154603358426,crea,17
1,0.05,contig,case,5260,70702,13,2018-2021,5176,0,84,99935,0.9840304182509506,1.0,1.0,0.9919509390571101,True,0.0,273,0.997372488408037,crea,18
1,0.05,contig,case,5260,93043,13,2023-2024,5189,0,71,99935,0.9865019011406844,1.0,1.0,0.9932050913963059,True,0.0,246,0.9980921179418,crea,19
1,0.05,contig,case,5260,65969,14,2023-2024,5170,0,90,99935,0.9828897338403042,1.0,1.0,0.9913710450623202,True,0.0,250,0.9975929507844401,ua,0
1,0.05,contig,case,5260,78509,14,2018-2021,5173,0,87,99935,0.9834600760456274,1.0,1.0,0.99166107543372,True,0.0,243,0.9980883648001375,ua,1
1,0.05,contig,case,5260,12718,14,2018-2021,5179,0,81,99935,0.9846007604562738,1.0,1.0,0.9922406360762525,True,0.0,230,0.9975542253974383,ua,2
1,0.05,contig,case,5260,55530,14,2018-2021,5179,0,81,99935,0.9846007604562738,1.0,1.0,0.9922406360762525,True,0.0,243,0.9974469545815365,ua,3
1,0.05,contig,case,5260,31385,14,2018-2021,5184,0,76,99935,0.9855513307984791,1.0,1.0,0.9927230945997703,True,0.0,233,0.9976851851851852,ua,4
1,0.05,contig,case,5260,70161,14,2018-2021,5174,0,86,99935,0.9836501901140684,1.0,1.0,0.9917577151619704,True,0.0,265,0.9975733367693167,ua,5
1,0.05,contig,case,5260,57574,14,2018-2021,5180,0,80,99935,0.9847908745247148,1.0,1.0,0.9923371647509579,True,0.0,274,0.9975975975975976,ua,6
1,0.05,contig,case,5260,75674,14,2023-2024,5170,0,90,99935,0.9828897338403042,1.0,1.0,0.9913710450623202,True,0.0,237,0.9980012894906511,ua,7
1,0.05,contig,case,5260,21392,14,2018-2021,5160,0,100,99935,0.9809885931558935,1.0,1.0,0.9904030710172744,True,0.0,239,0.9975452196382429,ua,8
1,0.05,contig,case,5260,45014,14,2018-2021,5168,0,92,99935,0.9825095057034221,1.0,1.0,0.9911775987725355,True,0.0,265,0.9975705194358445,ua,9
1,0.05,contig,case,5260,69442,14,2023-2024,5176,0,84,99935,0.9840304182509506,1.0,1.0,0.9919509390571101,True,0.0,260,0.9976172076249356,ua,10
1,0.05,contig,case,5260,23021,14,2023-2024,5157,0,103,99935,0.9804182509505703,1.0,1.0,0.990112316405875,True,0.0,227,0.9973498804214337,ua,11
1,0.05,contig,case,5260,63323,14,2018-2021,5171,0,89,99935,0.9830798479087453,1.0,1.0,0.9914677403892245,True,0.0,257,0.9975074668557554,ua,12
1,0.05,contig,case,5260,90378,14,2023-2024,5183,0,77,99935,0.9853612167300381,1.0,1.0,0.992626639854448,True,0.0,246,0.9978348018093339,ua,13
1,0.05,contig,case,5260,55611,14,2023-2024,5178,0,82,99935,0.9844106463878327,1.0,1.0,0.9921440889059208,True,0.0,247,0.9974464615252564,ua,14
1,0.05,contig,case,5260,7901,14,2018-2021,5202,0,58,99935,0.9889733840304182,1.0,1.0,0.9944561269355764,True,0.0,269,0.9976291170062797,ua,15
1,0.05,contig,case,5260,61334,14,2023-2024,5174,0,86,99935,0.9836501901140684,1.0,1.0,0.9917577151619704,True,0.0,257,0.9977666108319375,ua,16
1,0.05,contig,case,5260,95646,14,2023-2024,5192,0,68,99935,0.9870722433460076,1.0,1.0,0.9934940681209338,True,0.0,239,0.9979883581578497,ua,17
1,0.05,contig,case,5260,8372,14,2018-2021,5199,0,61,99935,0.9884030418250951,1.0,1.0,0.9941677024572139,True,0.0,268,0.9975850056634823,ua,18
1,0.05,contig,case,5260,58669,14,2018-2021,5179,0,81,99935,0.9846007604562738,1.0,1.0,0.9922406360762525,True,0.0,257,0.9980476711505868,ua,19
1,0.05,contig,case,5260,70195,15,2018-2021,4896,0,364,99935,0.9307984790874525,1.0,1.0,0.9641591177628988,True,0.0,265,0.9974979575163399,tc,0
1,0.05,contig,case,5260,58546,15,2018-2021,4865,0,395,99935,0.9249049429657795,1.0,1.0,0.9609876543209878,True,1.0,261,0.9977903391572457,tc,1
1,0.05,contig,case,5260,68330,15,2023-2024,4864,0,396,99935,0.9247148288973384,1.0,1.0,0.9608850256815488,True,0.0,249,0.99755859375,tc,2
1,0.05,contig,case,5260,86218,15,2018-2021,4818,0,442,99935,0.9159695817490494,1.0,1.0,0.9561420916848581,True,0.0,259,0.9977687837276878,tc,3
1,0.05,contig,case,5260,8004,15,2023-2024,4873,0,387,99935,0.926425855513308,1.0,1.0,0.9618079542090201,True,0.0,272,0.9972296326698132,tc,4
1,0.05,contig,case,5260,72856,15,2018-2021,4851,0,409,99935,0.9222433460076046,1.0,1.0,0.9595490060330333,True,3.0,270,0.9970882292310864,tc,5
1,0.05,contig,case,5260,95193,15,2018-2021,4866,0,394,99935,0.9250950570342206,1.0,1.0,0.9610902626901047,True,0.0,242,0.997842170160296,tc,6
1,0.05,contig,case,5260,20191,15,2018-2021,4813,0,447,99935,0.915019011406844,1.0,1.0,0.9556239452000397,True,0.0,246,0.9971691252856846,tc,7
1,0.05,contig,case,5260,53442,15,2023-2024,4864,0,396,99935,0.9247148288973384,1.0,1.0,0.9608850256815488,True,0.0,234,0.9971217105263158,tc,8
1,0.05,contig,case,5260,13561,15,2023-2024,4785,0,475,99935,0.9096958174904943,1.0,1.0,0.9527127924340468,True,0.0,235,0.997466039707419,tc,9
1,0.05,contig,case,5260,72522,15,2018-2021,4870,0,390,99935,0.9258555133079848,1.0,1.0,0.9615004935834155,True,0.0,261,0.9969712525667351,tc,10
1,0.05,contig,case,5260,61593,15,2018-2021,4800,0,460,99935,0.9125475285171103,1.0,1.0,0.9542743538767395,True,0.0,256,0.9973697916666666,tc,11
1,0.05,contig,case,5260,25824,15,2023-2024,4844,0,416,99935,0.9209125475285171,1.0,1.0,0.9588281868566905,True,0.0,246,0.9978581750619323,tc,12
1,0.05,contig,case,5260,14220,15,2023-2024,4794,0,466,99935,0.9114068441064639,1.0,1.0,0.9536502884424111,True,0.0,230,0.9976011681268252,tc,13
1,0.05,contig,case,5260,65174,15,2023-2024,4726,0,534,99935,0.8984790874524715,1.0,1.0,0.946525135189265,True,0.0,269,0.9971963605586119,tc,14
1,0.05,contig,case,5260,15231,15,2018-2021,4822,0,438,99935,0.9167300380228137,1.0,1.0,0.9565562388414998,True,0.0,247,0.9976410203235172,tc,15
1,0.05,contig,case,5260,28860,15,2018-2021,4831,0,429,99935,0.9184410646387833,1.0,1.0,0.9574868694876623,True,0.0,229,0.9979300351894018,tc,16
1,0.05,contig,case,5260,54903,15,2018-2021,4849,0,411,99935,0.9218631178707224,1.0,1.0,0.9593431595607874,True,0.0,242,0.9972159208084141,tc,17
1,0.05,contig,case,5260,58093,15,2023-2024,4866,0,394,99935,0.9250950570342206,1.0,1.0,0.9610902626901047,True,0.0,271,0.9975852856555693,tc,18
1,0.05,contig,case,5260,89251,15,2023-2024,4867,0,393,99935,0.9252851711026616,1.0,1.0,0.9611928507949048,True,0.0,251,0.9976885144853093,tc,19
1,0.05,contig,case,5260,18444,16,2018-2021,467,0,4793,99935,0.08878326996197719,1.0,1.0,0.16308713113322856,True,34.0,252,0.9975527684307127,tg,0
1,0.05,contig,case,5260,25622,16,2018-2021,511,0,4749,99935,0.09714828897338403,1.0,1.0,0.1770923583434413,True,68.0,238,0.9980430528375733,tg,1
1,0.05,contig,case,5260,6197,16,2023-2024,511,0,4749,99935,0.09714828897338403,1.0,1.0,0.1770923583434413,True,15.0,266,0.9972043611965334,tg,2
1,0.05,contig,case,5260,20424,16,2023-2024,457,0,4803,99935,0.08688212927756654,1.0,1.0,0.15987405982158476,True,19.0,246,0.9965614254454517,tg,3
1,0.05,contig,case,5260,87960,16,2023-2024,459,0,4801,99935,0.08726235741444867,1.0,1.0,0.16051757300227312,True,31.0,244,0.9984438219732338,tg,4
1,0.05,contig,case,5260,40767,16,2018-2021,507,0,4753,99935,0.09638783269961977,1.0,1.0,0.17582798682157103,True,22.0,252,0.9997182304874612,tg,5
1,0.05,contig,case,5260,17833,16,2018-2021,479,0,4781,99935,0.09106463878326997,1.0,1.0,0.16692803624324798,True,3.0,251,0.9970175961825231,tg,6
1,0.05,contig,case,5260,19920,16,2018-2021,465,0,4795,99935,0.08840304182509506,1.0,1.0,0.1624454148471616,True,18.0,246,0.996620583717358,tg,7
1,0.05,contig,case,5260,59,16,2018-2021,468,0,4792,99935,0.08897338403041825,1.0,1.0,0.1634078212290503,True,15.0,275,0.9966422466422467,tg,8
1,0.05,contig,case,5260,16212,16,2018-2021,433,0,4827,99935,0.08231939163498099,1.0,1.0,0.1521166344633761,True,21.0,245,0.9970306829429231,tg,9
1,0.05,contig,case,5260,48849,16,2018-2021,496,0,4764,99935,0.09429657794676806,1.0,1.0,0.17234190410006947,True,12.0,243,0.9991359447004609,tg,10
1,0.05,contig,case,5260,83074,16,2018-2021,449,0,4811,99935,0.08536121673003802,1.0,1.0,0.15729549833596077,True,36.0,255,0.9968183264397072,tg,11
1,0.05,contig,case,5260,43805,16,2023-2024,520,0,4740,99935,0.09885931558935361,1.0,1.0,0.17993079584775087,True,49.0,255,0.9975274725274725,tg,12
1,0.05,contig,case,5260,69148,16,2023-2024,509,0,4751,99935,0.0967680608365019,1.0,1.0,0.1764603917490033,True,1.0,250,0.9977547010945832,tg,13
1,0.05,contig,case,5260,52186,16,2018-2021,495,0,4765,99935,0.094106463878327,1.0,1.0,0.17202432667245876,True,21.0,216,0.9985569985569985,tg,14
1,0.05,contig,case,5260,24260,16,2018-2021,506,0,4754,99935,0.09619771863117871,1.0,1.0,0.175511619840444,True,14.0,234,0.9971767363071711,tg,15
1,0.05,contig,case,5260,12423,16,2018-2021,460,0,4800,99935,0.08745247148288973,1.0,1.0,0.16083916083916083,True,3.0,234,0.9978260869565218,tg,16
1,0.05,contig,case,5260,65265,16,2018-2021,489,0,4771,99935,0.09296577946768061,1.0,1.0,0.17011654200730564,True,43.0,267,0.9967864446392054,tg,17
1,0.05,contig,case,5260,14332,16,2023-2024,438,0,4822,99935,0.08326996197718631,1.0,1.0,0.15373815373815372,True,10.0,232,0.9973907371167645,tg,18
1,0.05,contig,case,5260,18526,16,2018-2021,461,0,4799,99935,0.0876425855513308,1.0,1.0,0.16116063625240343,True,7.0,252,0.9978308026030369,tg,19
1,0.05,contig,case,5260,21258,17,2023-2024,478,0,4782,99935,0.0908745247148289,1.0,1.0,0.1666085744161729,True,2.0,236,0.9961645746164575,hdl,0
1,0.05,contig,case,5260,95803,17,2018-2021,452,0,4808,99935,0.08593155893536121,1.0,1.0,0.15826330532212882,True,5.0,235,0.9963126843657817,hdl,1
1,0.05,contig,case,5260,94799,17,2018-2021,443,0,4817,99935,0.08422053231939164,1.0,1.0,0.155356829738734,True,7.0,241,0.9966139954853274,hdl,2
1,0.05,contig,case,5260,76566,17,2023-2024,498,0,4762,99935,0.09467680608365019,1.0,1.0,0.17297672803056616,True,76.0,237,0.9966532797858099,hdl,3
1,0.05,contig,case,5260,76229,17,2023-2024,498,0,4762,99935,0.09467680608365019,1.0,1.0,0.17297672803056616,True,2.0,238,0.9966532797858099,hdl,4
1,0.05,contig,case,5260,97984,17,2023-2024,499,0,4761,99935,0.09486692015209125,1.0,1.0,0.17329397464837643,True,35.0,241,0.9946559786239145,hdl,5
1,0.05,contig,case,5260,61020,17,2023-2024,434,0,4826,99935,0.08250950570342205,1.0,1.0,0.1524411661397963,True,10.0,261,0.9953917050691244,hdl,6
1,0.05,contig,case,5260,56242,17,2023-2024,503,0,4757,99935,0.09562737642585552,1.0,1.0,0.174561860142287,True,2.0,258,0.9980119284294234,hdl,7
1,0.05,contig,case,5260,69910,17,2018-2021,508,0,4752,99935,0.09657794676806084,1.0,1.0,0.17614424410540916,True,19.0,259,0.9983595800524935,hdl,8
1,0.05,contig,case,5260,3419,17,2018-2021,502,0,4758,99935,0.09543726235741445,1.0,1.0,0.17424505380076363,True,18.0,252,0.9956839309428951,hdl,9
1,0.05,contig,case,5260,25529,17,2018-2021,511,0,4749,99935,0.09714828897338403,1.0,1.0,0.1770923583434413,True,0.0,238,0.997716894977169,hdl,10
1,0.05,contig,case,5260,44009,17,2018-2021,532,0,4728,99935,0.10114068441064639,1.0,1.0,0.18370165745856354,True,63.0,249,0.9971804511278195,hdl,11
1,0.05,contig,case,5260,11777,17,2018-2021,470,0,4790,99935,0.08935361216730038,1.0,1.0,0.16404886561954624,True,0.0,244,0.9971631205673759,hdl,12
1,0.05,contig,case,5260,97570,17,2023-2024,482,0,4778,99935,0.09163498098859316,1.0,1.0,0.16788575409265064,True,1.0,237,0.9955048409405256,hdl,13
1,0.05,contig,case,5260,48662,17,2018-2021,504,0,4756,99935,0.09581749049429658,1.0,1.0,0.17487855655794587,True,22.0,241,0.9986772486772487,hdl,14
1,0.05,contig,case,5260,95758,17,2018-2021,443,0,4817,99935,0.08422053231939164,1.0,1.0,0.155356829738734,True,1.0,236,0.9958615500376222,hdl,15
1,0.05,contig,case,5260,92256,17,2023-2024,423,0,4837,99935,0.08041825095057034,1.0,1.0,0.1488650360724969,True,14.0,251,0.996059889676911,hdl,16
1,0.05,contig,case,5260,54222,17,2018-2021,475,0,4785,99935,0.0903041825095057,1.0,1.0,0.16564952048823017,True,91.0,247,0.9975438596491228,hdl,17
1,0.05,contig,case,5260,89523,17,2018-2021,440,0,4820,99935,0.08365019011406843,1.0,1.0,0.15438596491228068,True,19.0,258,0.9973484848484848,hdl,18
1,0.05,contig,case,5260,12096,17,2023-2024,473,0,4787,99935,0.08992395437262357,1.0,1.0,0.16500959358102216,True,0.0,244,0.9968287526427061,hdl,19
1,0.05,contig,case,5260,49393,18,2018-2021,507,0,4753,99935,0.09638783269961977,1.0,1.0,0.17582798682157103,True,4.0,249,0.9988165680473373,ldl,0
1,0.05,contig,case,5260,44409,18,2018-2021,528,0,4732,99935,0.10038022813688213,1.0,1.0,0.1824464409122322,True,14.0,264,0.9962121212121212,ldl,1
1,0.05,contig,case,5260,57764,18,2018-2021,474,0,4786,99935,0.09011406844106463,1.0,1.0,0.16532961283571676,True,45.0,271,0.9966244725738397,ldl,2
1,0.05,contig,case,5260,94319,18,2023-2024,431,0,4829,99935,0.08193916349809886,1.0,1.0,0.15146722895800388,True,64.0,249,0.9962877030162413,ldl,3
1,0.05,contig,case,5260,28555,18,2023-2024,441,0,4819,99935,0.08384030418250951,1.0,1.0,0.15470970005262236,True,69.0,227,0.998639455782313,ldl,4
1,0.05,contig,case,5260,65026,18,2018-2021,491,0,4769,99935,0.09334600760456274,1.0,1.0,0.1707529125369501,True,10.0,272,0.9951120162932791,ldl,5
1,0.05,contig,case,5260,44988,18,2018-2021,519,0,4741,99935,0.09866920152091255,1.0,1.0,0.17961585049316492,True,13.0,264,0.9957610789980732,ldl,6
1,0.05,contig,case,5260,77412,18,2023-2024,514,0,4746,99935,0.09771863117870723,1.0,1.0,0.1780394873571181,True,19.0,239,0.9953307392996109,ldl,7
1,0.05,contig,case,5260,47002,18,2018-2021,489,0,4771,99935,0.09296577946768061,1.0,1.0,0.17011654200730564,True,8.0,265,0.996319018404908,ldl,8
1,0.05,contig,case,5260,88705,18,2018-2021,461,0,4799,99935,0.0876425855513308,1.0,1.0,0.16116063625240343,True,30.0,244,0.9978308026030369,ldl,9
1,0.05,contig,case,5260,61179,18,2018-2021,438,0,4822,99935,0.08326996197718631,1.0,1.0,0.15373815373815372,True,0.0,259,0.9949771689497717,ldl,10
1,0.05,contig,case,5260,57157,18,2018-2021,494,0,4766,99935,0.09391634980988593,1.0,1.0,0.17170663885992354,True,10.0,270,0.9967611336032388,ldl,11
1,0.05,contig,case,5260,80837,18,2023-2024,463,0,4797,99935,0.08802281368821292,1.0,1.0,0.16180325004368337,True,17.0,250,0.9952483801295896,ldl,12
1,0.05,contig,case,5260,5892,18,2023-2024,506,0,4754,99935,0.09619771863117871,1.0,1.0,0.175511619840444,True,35.0,263,0.9952569169960475,ldl,13
1,0.05,contig,case,5260,92175,18,2018-2021,427,0,4833,99935,0.0811787072243346,1.0,1.0,0.15016704765254088,True,2.0,248,0.9957845433255269,ldl,14
1,0.05,contig,case,5260,70382,18,2018-2021,478,0,4782,99935,0.0908745247148289,1.0,1.0,0.1666085744161729,True,0.0,266,0.997071129707113,ldl,15
1,0.05,contig,case,5260,65923,18,2018-2021,520,0,4740,99935,0.09885931558935361,1.0,1.0,0.17993079584775087,True,0.0,252,0.9961538461538462,ldl,16
1,0.05,contig,case,5260,14750,18,2018-2021,456,0,4804,99935,0.08669201520912548,1.0,1.0,0.1595521343596921,True,51.0,235,0.9969298245614036,ldl,17
1,0.05,contig,case,5260,92073,18,2018-2021,420,0,4840,99935,0.07984790874524715,1.0,1.0,0.147887323943662,True,16.0,242,0.9957142857142857,ldl,18
1,0.05,contig,case,5260,72270,18,2018-2021,454,0,4806,99935,0.08631178707224335,1.0,1.0,0.15890794539726985,True,29.0,262,0.9969162995594714,ldl,19
1,0.05,contig,case,5260,49101,19,2023-2024,0,0,5260,99935,0.0,,1.0,,False,,244,,afp,0
1,0.05,contig,case,5260,52395,19,2023-2024,0,0,5260,99935,0.0,,1.0,,False,,215,,afp,1
1,0.05,contig,case,5260,18654,19,2018-2021,0,0,5260,99935,0.0,,1.0,,False,,250,,afp,2
1,0.05,contig,case,5260,8125,19,2018-2021,0,0,5260,99935,0.0,,1.0,,False,,271,,afp,3
1,0.05,contig,case,5260,67051,19,2018-2021,0,0,5260,99935,0.0,,1.0,,False,,262,,afp,4
1,0.05,contig,case,5260,49482,19,2023-2024,0,0,5260,99935,0.0,,1.0,,False,,247,,afp,5
1,0.05,contig,case,5260,60142,19,2018-2021,0,0,5260,99935,0.0,,1.0,,False,,258,,afp,6
1,0.05,contig,case,5260,68764,19,2023-2024,0,0,5260,99935,0.0,,1.0,,False,,249,,afp,7
1,0.05,contig,case,5260,83131,19,2018-2021,0,0,5260,99935,0.0,,1.0,,False,,254,,afp,8
1,0.05,contig,case,5260,47332,19,2018-2021,0,0,5260,99935,0.0,,1.0,,False,,256,,afp,9
1,0.05,contig,case,5260,43405,19,2023-2024,0,0,5260,99935,0.0,,1.0,,False,,261,,afp,10
1,0.05,contig,case,5260,28515,19,2023-2024,0,0,5260,99935,0.0,,1.0,,False,,230,,afp,11
1,0.05,contig,case,5260,1110,19,2018-2021,0,0,5260,99935,0.0,,1.0,,False,,260,,afp,12
1,0.05,contig,case,5260,4119,19,2023-2024,0,0,5260,99935,0.0,,1.0,,False,,252,,afp,13
1,0.05,contig,case,5260,10176,19,2018-2021,0,0,5260,99935,0.0,,1.0,,False,,239,,afp,14
1,0.05,contig,case,5260,49981,19,2018-2021,0,0,5260,99935,0.0,,1.0,,False,,226,,afp,15
1,0.05,contig,case,5260,3283,19,2018-2021,0,0,5260,99935,0.0,,1.0,,False,,256,,afp,16
1,0.05,contig,case,5260,54856,19,2018-2021,0,0,5260,99935,0.0,,1.0,,False,,240,,afp,17
1,0.05,contig,case,5260,99648,19,2023-2024,0,0,5260,99935,0.0,,1.0,,False,,233,,afp,18
1,0.05,contig,case,5260,53289,19,2018-2021,0,0,5260,99935,0.0,,1.0,,False,,230,,afp,19
1,0.05,contig,case,5260,83920,20,2018-2021,0,0,5260,99935,0.0,,1.0,,False,,260,,cea,0
1,0.05,contig,case,5260,49882,20,2018-2021,0,0,5260,99935,0.0,,1.0,,False,,226,,cea,1
1,0.05,contig,case,5260,18729,20,2023-2024,0,0,5260,99935,0.0,,1.0,,False,,243,,cea,2
1,0.05,contig,case,5260,57954,20,2018-2021,0,0,5260,99935,0.0,,1.0,,False,,270,,cea,3
1,0.05,contig,case,5260,1461,20,2018-2021,0,0,5260,99935,0.0,,1.0,,False,,262,,cea,4
1,0.05,contig,case,5260,23441,20,2018-2021,0,0,5260,99935,0.0,,1.0,,False,,231,,cea,5
1,0.05,contig,case,5260,79674,20,2018-2021,0,0,5260,99935,0.0,,1.0,,False,,237,,cea,6
1,0.05,contig,case,5260,94019,20,2023-2024,0,0,5260,99935,0.0,,1.0,,False,,257,,cea,7
1,0.05,contig,case,5260,88233,20,2018-2021,0,0,5260,99935,0.0,,1.0,,False,,251,,cea,8
1,0.05,contig,case,5260,86906,20,2018-2021,0,0,5260,99935,0.0,,1.0,,False,,259,,cea,9
1,0.05,contig,case,5260,56905,20,2018-2021,0,0,5260,99935,0.0,,1.0,,False,,263,,cea,10
1,0.05,contig,case,5260,52462,20,2018-2021,0,0,5260,99935,0.0,,1.0,,False,,219,,cea,11
1,0.05,contig,case,5260,45329,20,2018-2021,0,0,5260,99935,0.0,,1.0,,False,,266,,cea,12
1,0.05,contig,case,5260,21801,20,2023-2024,0,0,5260,99935,0.0,,1.0,,False,,240,,cea,13
1,0.05,contig,case,5260,93767,20,2023-2024,0,0,5260,99935,0.0,,1.0,,False,,257,,cea,14
1,0.05,contig,case,5260,63512,20,2018-2021,0,0,5260,99935,0.0,,1.0,,False,,264,,cea,15
1,0.05,contig,case,5260,45847,20,2023-2024,0,0,5260,99935,0.0,,1.0,,False,,264,,cea,16
1,0.05,contig,case,5260,79773,20,2018-2021,0,0,5260,99935,0.0,,1.0,,False,,237,,cea,17
1,0.05,contig,case,5260,99565,20,2023-2024,0,0,5260,99935,0.0,,1.0,,False,,234,,cea,18
1,0.05,contig,case,5260,819,20,2018-2021,0,0,5260,99935,0.0,,1.0,,False,,267,,cea,19
1,0.05,contig,case,5260,57835,21,2023-2024,0,0,5260,99935,0.0,,1.0,,False,,270,,ca199,0
1,0.05,contig,case,5260,89105,21,2018-2021,0,0,5260,99935,0.0,,1.0,,False,,252,,ca199,1
1,0.05,contig,case,5260,40704,21,2018-2021,0,0,5260,99935,0.0,,1.0,,False,,248,,ca199,2
1,0.05,contig,case,5260,25508,21,2018-2021,0,0,5260,99935,0.0,,1.0,,False,,239,,ca199,3
1,0.05,contig,case,5260,54606,21,2018-2021,0,0,5260,99935,0.0,,1.0,,False,,237,,ca199,4
1,0.05,contig,case,5260,38144,21,2018-2021,0,0,5260,99935,0.0,,1.0,,False,,232,,ca199,5
1,0.05,contig,case,5260,41318,21,2018-2021,0,0,5260,99935,0.0,,1.0,,False,,246,,ca199,6
1,0.05,contig,case,5260,93776,21,2018-2021,0,0,5260,99935,0.0,,1.0,,False,,257,,ca199,7
1,0.05,contig,case,5260,75107,21,2018-2021,0,0,5260,99935,0.0,,1.0,,False,,248,,ca199,8
1,0.05,contig,case,5260,78591,21,2023-2024,0,0,5260,99935,0.0,,1.0,,False,,241,,ca199,9
1,0.05,contig,case,5260,80218,21,2023-2024,0,0,5260,99935,0.0,,1.0,,False,,244,,ca199,10
1,0.05,contig,case,5260,42745,21,2018-2021,0,0,5260,99935,0.0,,1.0,,False,,262,,ca199,11
1,0.05,contig,case,5260,90028,21,2018-2021,0,0,5260,99935,0.0,,1.0,,False,,248,,ca199,12
1,0.05,contig,case,5260,53714,21,2018-2021,0,0,5260,99935,0.0,,1.0,,False,,235,,ca199,13
1,0.05,contig,case,5260,70311,21,2023-2024,0,0,5260,99935,0.0,,1.0,,False,,265,,ca199,14
1,0.05,contig,case,5260,64733,21,2023-2024,0,0,5260,99935,0.0,,1.0,,False,,272,,ca199,15
1,0.05,contig,case,5260,6472,21,2023-2024,0,0,5260,99935,0.0,,1.0,,False,,270,,ca199,16
1,0.05,contig,case,5260,30722,21,2023-2024,0,0,5260,99935,0.0,,1.0,,False,,225,,ca199,17
1,0.05,contig,case,5260,52404,21,2023-2024,0,0,5260,99935,0.0,,1.0,,False,,216,,ca199,18
1,0.05,contig,case,5260,23898,21,2023-2024,0,0,5260,99935,0.0,,1.0,,False,,232,,ca199,19
1,0.05,contig,case,5260,56038,22,2018-2021,0,0,5260,99935,0.0,,1.0,,False,,252,,fpg,0
1,0.05,contig,case,5260,9552,22,2018-2021,0,0,5260,99935,0.0,,1.0,,False,,253,,fpg,1
1,0.05,contig,case,5260,473,22,2018-2021,0,0,5260,99935,0.0,,1.0,,False,,272,,fpg,2
1,0.05,contig,case,5260,43852,22,2023-2024,0,0,5260,99935,0.0,,1.0,,False,,252,,fpg,3
1,0.05,contig,case,5260,52397,22,2018-2021,0,0,5260,99935,0.0,,1.0,,False,,215,,fpg,4
1,0.05,contig,case,5260,52193,22,2018-2021,0,0,5260,99935,0.0,,1.0,,False,,216,,fpg,5
1,0.05,contig,case,5260,52191,22,2018-2021,0,0,5260,99935,0.0,,1.0,,False,,216,,fpg,6
1,0.05,contig,case,5260,68740,22,2023-2024,0,0,5260,99935,0.0,,1.0,,False,,251,,fpg,7
1,0.05,contig,case,5260,96156,22,2018-2021,0,0,5260,99935,0.0,,1.0,,False,,221,,fpg,8
1,0.05,contig,case,5260,53148,22,2018-2021,0,0,5260,99935,0.0,,1.0,,False,,229,,fpg,9
1,0.05,contig,case,5260,44062,22,2023-2024,0,0,5260,99935,0.0,,1.0,,False,,247,,fpg,10
1,0.05,contig,case,5260,89422,22,2023-2024,0,0,5260,99935,0.0,,1.0,,False,,255,,fpg,11
1,0.05,contig,case,5260,34924,22,2018-2021,0,0,5260,99935,0.0,,1.0,,False,,263,,fpg,12
1,0.05,contig,case,5260,16522,22,2018-2021,0,0,5260,99935,0.0,,1.0,,False,,242,,fpg,13
1,0.05,contig,case,5260,50295,22,2023-2024,0,0,5260,99935,0.0,,1.0,,False,,227,,fpg,14
1,0.05,contig,case,5260,28778,22,2018-2021,0,0,5260,99935,0.0,,1.0,,False,,229,,fpg,15
1,0.05,contig,case,5260,86178,22,2023-2024,0,0,5260,99935,0.0,,1.0,,False,,263,,fpg,16
1,0.05,contig,case,5260,14508,22,2018-2021,0,0,5260,99935,0.0,,1.0,,False,,238,,fpg,17
1,0.05,contig,case,5260,79139,22,2023-2024,0,0,5260,99935,0.0,,1.0,,False,,244,,fpg,18
1,0.05,contig,case,5260,3306,22,2018-2021,0,0,5260,99935,0.0,,1.0,,False,,257,,fpg,19
