item_name,n,n_num,num_share,p001,p01,p99,p999,oor_strict,oor_loose,delta_rows,flagged_rate_released_pct,flagged_rate_alt_pct
淋巴细胞绝对值,104392,104261,0.9987451145681662,0.52,0.84,2237.0,3147.0,202,2068,1866,0.1937,1.9835
脂蛋白(a),101640,101524,0.9988587170405352,2.0,7.6,1464.2310000000011,4306.420299999985,165,2031,1866,0.1625,2.0005
高密度脂蛋白胆固醇,102780,102653,0.9987643510410585,0.65,0.84,5.36,7.683479999999982,202,2048,1846,0.1968,1.9951
低密度脂蛋白胆固醇,102813,102609,0.998015815120656,0.44,0.77,16.829199999999982,23.109200000000712,201,2037,1836,0.1959,1.9852
总胆固醇,102815,102690,0.9987842240918154,1.84,2.38,25.05,34.29244000000006,203,2027,1824,0.1977,1.9739
甘油三酯,102823,102682,0.998628711475059,0.37,0.48,14.76,28.276380000000064,187,2000,1813,0.1821,1.9478
血小板体积分布宽度,97057,96869,0.9980629939107947,7.4,8.4,20.1,24.2,117,1870,1753,0.1208,1.9304
中性粒细胞百分数,97057,96927,0.9986605808957623,28.7,36.4,76.7,86.8,191,1933,1742,0.1971,1.9943
白细胞计数,97060,96930,0.9986606222954874,2.22929,2.9128999999999996,10.34,14.29283999999985,194,1935,1741,0.2001,1.9963
直接胆红素,96265,96143,0.9987326650392147,0.68,1.61,10.92,15.442899999999645,192,1915,1723,0.1997,1.9918
尿素,96628,96504,0.9987167280705386,2.05,2.79,9.54,13.659880000000122,193,1914,1721,0.2,1.9833
间接胆红素,96264,96142,0.9987326518740132,2.5,3.85,24.3,36.00858999999996,190,1911,1721,0.1976,1.9877
淋巴细胞百分数,97057,96927,0.9986605808957623,7.5,15.5,53.1,60.50739999999932,189,1908,1719,0.195,1.9685
大血小板比率,97057,96869,0.9980629939107947,9.9,13.1,44.3,57.1,192,1904,1712,0.1982,1.9655
中性粒细胞绝对值,97057,96927,0.9986605808957623,0.87,1.3,7.03,11.23,188,1897,1709,0.194,1.9571
促甲状腺激素,90491,90293,0.997811937098717,0.01,0.24,8.02,24.353279999999792,91,1789,1698,0.1008,1.9813
总蛋白,96269,96147,0.9987327176972858,58.3,62.0,82.0,86.6,190,1885,1695,0.1976,1.9605
白球比,96261,96139,0.9987326123767674,1.03,1.21,2.44,2.8,191,1885,1694,0.1987,1.9607
癌胚抗原,90459,89733,0.9919742645839552,0.03,0.31,5.98,11.453399999999819,90,1783,1693,0.1003,1.987
红细胞计数,97060,96930,0.9986606222954874,3.11,3.66,5.99,6.850709999999962,192,1882,1690,0.1981,1.9416
平均血小板体积,97057,96869,0.9980629939107947,7.6,8.2,12.7,14.5,180,1869,1689,0.1858,1.9294
总胆红素,96266,96144,0.9987326782041427,4.56429,6.3,34.38,49.557140000000075,194,1882,1688,0.2018,1.9575
红细胞压积,97070,96940,0.9986607602760894,26.5939,32.5,52.4,56.0,193,1878,1685,0.1991,1.9373
血小板计数,97057,96927,0.9986605808957623,61.926,111.0,387.0,498.07399999999325,194,1878,1684,0.2002,1.9375
尿酸,96934,96810,0.9987207790868013,132.809,178.0,592.0,709.0,193,1877,1684,0.1994,1.9388
乳酸脱氢酶,96405,96283,0.998734505471708,88.0,106.0,245.0,361.0,190,1874,1684,0.1973,1.9463
肌酐,96634,96503,0.9986443694765818,35.0,42.0,116.0,185.0,172,1849,1677,0.1782,1.916
平均红细胞体积,97057,96927,0.9986605808957623,61.4,68.5,100.7,106.40739999999933,190,1866,1676,0.196,1.9252
小而密低密度脂蛋白胆固醇,92661,92551,0.9988128770464381,0.245,0.2965,2.1265,4.380599999999976,183,1852,1669,0.1977,2.0011
总胆汁酸,92506,92401,0.9988649384904763,0.27,0.6,17.23,54.2120000000007,184,1848,1664,0.1991,2.0
白蛋白,96266,96144,0.9987326782041427,36.3,39.3,50.6,52.8,184,1846,1662,0.1914,1.92
葡萄糖,93106,92968,0.9985178184005328,4.11,4.54,11.2,16.64,183,1840,1657,0.1968,1.9792
胃蛋白酶原Ⅱ,89644,89195,0.994991298915711,1.0,2.4,35.0,60.0,49,1706,1657,0.0549,1.9127
红细胞体积分布宽度标准差(SD),97057,96927,0.9986605808957623,34.3,36.9,52.5,61.9,184,1837,1653,0.1898,1.8952
血红蛋白,97057,96927,0.9986605808957623,80.0,104.0,174.0,185.0,177,1827,1650,0.1826,1.8849
平均红细胞血红蛋白含量,97057,96927,0.9986605808957623,18.2,21.0,34.1,36.207399999999325,190,1838,1648,0.196,1.8963
碱性磷酸酶,96265,96104,0.9983275333714227,25.10300000000001,35.0,143.0,329.7939999999944,194,1841,1647,0.2019,1.9156
球蛋白,96264,96142,0.9987326518740132,16.4,18.7,35.8,40.585899999999675,184,1825,1641,0.1914,1.8982
非高密度脂蛋白胆固醇,92658,92550,0.9988344233633362,0.82,1.21,5.94,7.7,183,1820,1637,0.1977,1.9665
前白蛋白,96265,96142,0.9987222770477329,13.0,17.0,40.0,47.0,171,1801,1630,0.1779,1.8733
载脂蛋白A1,94239,94131,0.9988539776525642,0.83,0.98,2.06,2.5,171,1801,1630,0.1817,1.9133
超敏C反应蛋白,91082,90964,0.9987044641092642,0.05,0.13,21.1,75.032929999997,175,1802,1627,0.1924,1.981
25-羟基维生素D,90577,90405,0.9981010631838104,7.99808,10.48,64.26960000000005,88.1445600000018,182,1807,1625,0.2013,1.9988
α-L-岩藻糖苷酶,91658,91547,0.9987889764123153,5.9,9.41,36.8,45.73619999999937,178,1801,1623,0.1944,1.9673
纤维蛋白原,91504,91368,0.9985137261759048,1.71,2.06,5.04,6.416330000000016,183,1805,1622,0.2003,1.9755
电导率,96276,94930,0.9860193610037808,3.0,6.0,31.83,36.98,163,1779,1616,0.1717,1.874
肌红蛋白,90373,89929,0.9950870282053268,4.11856,8.08,93.19,402.98936000000015,180,1793,1613,0.2002,1.9938
细胞角蛋白19片段,89803,89680,0.998630335289467,0.58,0.79,6.11,9.876419999999925,172,1784,1612,0.1918,1.9893
促卵泡成熟激素,89692,89524,0.9981269232484502,0.8,1.55,135.10620000000026,182.58108999999982,176,1786,1610,0.1966,1.995
神经元特异性烯醇化酶,89739,89573,0.9981501911097739,5.03572,6.3,15.73,26.56423999999999,180,1787,1607,0.201,1.995
C-反应蛋白,90528,90340,0.9979232944503358,0.08,0.24,17.406100000000006,66.7304999999964,144,1747,1603,0.1594,1.9338
甲胎蛋白,90488,89353,0.987456900362479,0.91,1.09,9.91,23.538880000000063,153,1756,1603,0.1712,1.9652
糖类抗原CA72-4,88006,87505,0.9943072063268413,0.5,0.64,51.8,174.49599999999919,91,1692,1601,0.104,1.9336
促黄体生成激素,89698,89482,0.9975919195522754,0.3748100000000001,1.6,67.40190000000003,93.96152000000002,180,1777,1597,0.2012,1.9859
AST/ALT,96070,96066,0.9999583636931404,0.3,0.39,2.11,3.1986999999999535,192,1788,1596,0.1999,1.8612
活化部分凝血活酶时间,91486,91334,0.9983385436022998,25.9,27.9,42.8,51.533400000000256,183,1779,1596,0.2004,1.9478
单核细胞百分数,97057,96927,0.9986605808957623,2.5,3.6,12.0,15.807399999999326,187,1778,1591,0.1929,1.8344
糖化白蛋白,92725,92593,0.9985764356969533,10.0,10.8,21.0,29.0,89,1678,1589,0.0961,1.8122
凝血酶原时间,91482,91346,0.9985133687501366,11.0,11.5,14.2,19.4,127,1716,1589,0.139,1.8786
嗜酸性粒细胞绝对值,97057,96927,0.9986605808957623,0.0,0.02,0.59,1.3007399999999325,97,1676,1579,0.1001,1.7291
糖化血红蛋白,93222,93088,0.9985625710669155,4.2,4.7,9.1,11.9,153,1729,1576,0.1644,1.8574
泌乳素,87809,87666,0.9983714653395438,2.35665,4.04,47.07050000000018,120.55095000000365,176,1752,1576,0.2008,1.9985
维生素B12,89038,88446,0.9933511534401043,197.0,283.0,1608.0,1957.554999999993,174,1748,1574,0.1967,1.9763
平均红细胞血红蛋白浓度,97057,96927,0.9986605808957623,284.0,305.0,360.0,372.0,172,1742,1570,0.1775,1.7972
糖类抗原CA19-9,87855,83351,0.9487337089522508,0.05,0.6,43.955,107.2914999999912,84,1654,1570,0.1008,1.9844
游离三碘甲状腺原氨酸,90449,90327,0.9986511735895367,1.78,2.17,4.37,8.043479999999981,179,1741,1562,0.1982,1.9274
总铁结合力,89116,88994,0.9986309978006194,33.2,38.6,72.8,83.20069999999978,175,1733,1558,0.1966,1.9473
胃蛋白酶原I/胃蛋白酶原II,87752,87326,0.9951454097912298,0.4,2.0,25.33,38.41875000000073,159,1716,1557,0.1821,1.9651
血清铁,87227,87110,0.9986586722001215,2.8109000000000006,5.1,38.0,48.98910000000033,176,1711,1535,0.202,1.9642
凝血酶时间,91483,91347,0.9985133850004919,15.1,15.8,19.8,22.3,175,1704,1529,0.1916,1.8654
肌酸激酶,90658,90478,0.9980145160934502,25.0,33.0,549.2299999999959,4851.891000000018,165,1693,1528,0.1824,1.8712
单核细胞绝对值,97057,96927,0.9986605808957623,0.11,0.16,0.79,1.08,166,1692,1526,0.1713,1.7456
尿比重,96276,94936,0.9860816818314014,1.002,1.005,1.039,1.05,40,1557,1517,0.0421,1.6401
载脂蛋白B,94240,94132,0.9988539898132428,0.24,0.34,1.48,1.77,178,1680,1502,0.1891,1.7847
游离甲状腺素,90452,90327,0.9986180515632601,0.71,0.9,1.78,2.6667399999999906,177,1677,1500,0.196,1.8566
叶酸,89042,83006,0.9322117652343838,2.38,3.51,25.83949999999997,27.04,160,1660,1500,0.1928,1.9999
红细胞体积分布宽度变异系数（CV）,97057,96927,0.9986605808957623,11.0,11.4,17.1,20.8,160,1631,1471,0.1651,1.6827
丙氨酸氨基转移酶,96268,96145,0.9987223168654173,5.0,8.0,113.0,264.0,139,1606,1467,0.1446,1.6704
嗜酸性粒细胞百分数,97057,96927,0.9986605808957623,0.0,0.3,9.8,18.707399999999325,97,1550,1453,0.1001,1.5991
肌酸激酶－MB同工酶,88562,83851,0.9468056276958515,0.19,0.26,4.73,10.391499999999942,161,1597,1436,0.192,1.9046
胃泌素G-17,87753,83537,0.9519560584823311,0.2,0.4,44.25559999999998,57.8,143,1553,1410,0.1712,1.8591
国际标准化比值,91482,91346,0.9985133687501366,0.81,0.85,1.13,1.6965499999999882,132,1533,1401,0.1445,1.6782
血小板压积,83857,83713,0.9982827909417222,0.07,0.113,0.35,0.45,159,1540,1381,0.1899,1.8396
β2-微球蛋白,77606,77517,0.9988531814550421,0.96,1.1,2.94,4.874839999999967,138,1511,1373,0.178,1.9492
铁蛋白,73280,73123,0.9978575327510917,4.0,8.220000000000027,1009.7799999999988,1653.877999999997,109,1464,1355,0.1491,2.0021
胰岛素,74670,74561,0.9985402437391188,1.9,3.04,36.5,65.63080000000016,149,1488,1339,0.1998,1.9957
层粘连蛋白,70948,70650,0.9957997406551277,10.0,17.11337,94.32,173.96754999999976,74,1413,1339,0.1047,2.0
钙,90803,90691,0.9987665605761924,2.03,2.13,2.51,2.64,169,1506,1337,0.1863,1.6606
性激素结合球蛋白,74397,74285,0.9984945629528073,6.39568,9.97,118.50320000000006,159.80888000000007,150,1482,1332,0.2019,1.995
镁,74574,74488,0.9988467830611205,0.652487,0.735,1.013,1.0610260000000127,150,1474,1324,0.2014,1.9788
免疫球蛋白A,73245,73159,0.99882585842037,0.3,0.83,5.4,8.145260000000127,147,1445,1298,0.2009,1.9752
骨钙素,72767,72539,0.996866711558811,3.8,6.3,40.0,64.13099999999977,144,1438,1294,0.1985,1.9824
免疫球蛋白G,73237,73151,0.998825730163715,6.28,8.0,19.12,25.580500000000757,147,1440,1293,0.201,1.9685
全段甲状旁腺素,71411,71307,0.9985436417358671,8.3553,14.03,76.91,114.84924000000144,144,1421,1277,0.2019,1.9928
IV型胶原,70951,70825,0.9982241265098448,23.21472,28.4424,100.38759999999995,188.67494400001092,142,1418,1276,0.2005,2.0021
胱抑素-C,77605,77516,0.9988531666774048,0.45,0.53,1.49,2.3348500000000056,139,1410,1271,0.1793,1.819
同型半胱氨酸,90484,90367,0.998706953715574,3.0,5.0,25.9,53.69020000000164,150,1416,1266,0.166,1.5669
Ⅲ型前胶原N端肽,70948,70760,0.9973501719569262,0.8287589999999999,1.51,10.604100000000034,15.76963999999978,142,1402,1260,0.2007,1.9813
β-胶原特殊序列,72756,72524,0.9968112595524767,0.028522999999999996,0.061,1.29,1.9147699999999894,146,1393,1247,0.2013,1.9207
腺苷脱氨酶,92500,92395,0.9988648648648648,4.0,5.0,19.2,27.121199999999952,180,1425,1245,0.1948,1.5423
抗链球菌溶血素O,72129,72039,0.9987522355779229,1.0,6.0,323.61999999999534,633.8099999999977,75,1317,1242,0.1041,1.8282
天门冬氨酸氨基转氨酶,96408,96286,0.9987345448510497,10.0,12.0,63.0,165.0,130,1367,1237,0.135,1.4197
钾,91632,91520,0.998777719573948,3.0,3.4,4.8,5.2,153,1389,1236,0.1672,1.5177
免疫球蛋白E,73275,73189,0.9988263391334016,1.0,2.0,895.1199999999953,2227.5480000001553,74,1304,1230,0.1011,1.7817
无机磷,73760,73674,0.9988340563991324,0.7,0.81,1.57,1.83,140,1367,1227,0.19,1.8555
类风湿因子,72290,72201,0.9987688476967769,1.0,3.0,103.0,477.1600000000006,73,1291,1218,0.1011,1.7881
糖类抗原CA15-3,67386,67296,0.9986644110052533,2.96,4.1,32.27,45.53395000000033,135,1333,1198,0.2006,1.9808
糖类抗原CA125,67391,65714,0.9751153714887745,0.67,1.8,40.67870000000003,135.79121999999305,131,1307,1176,0.1993,1.9889
氯,91618,91506,0.9987775327992315,95.0,99.0,109.0,111.0,96,1265,1169,0.1049,1.3824
C 肽,64936,64816,0.9981520266108168,0.53815,1.02,6.4284999999999854,10.34109999999986,130,1282,1152,0.2006,1.9779
鳞状上皮细胞癌抗原,89755,89500,0.9971589326499917,0.04,0.1,3.28,7.215010000000039,129,1247,1118,0.1441,1.3933
D-二聚体,73525,73429,0.9986943216592996,0.06,0.1,1.23,2.87,132,1218,1086,0.1798,1.6587
γ-谷氨酰基转移酶,57777,57774,0.999948076224103,7.0,9.0,172.0,454.13499999999476,102,1109,1007,0.1766,1.9195
纤维蛋白(原)降解产物,73447,73351,0.9986929350415946,0.3,1.0,4.4,10.867499999999128,113,1054,941,0.1541,1.4369
杆菌,96276,94937,0.9860920686360048,0.0,0.0,4004.7599999999948,14520.471999999965,95,950,855,0.1001,1.0007
粘液丝,96276,94937,0.9860920686360048,0.0,0.0,111.63999999999942,268.0639999999985,95,950,855,0.1001,1.0007
结晶,96276,94937,0.9860920686360048,0.0,0.0,2486.199999999997,9282.383999999991,95,950,855,0.1001,1.0007
鳞状上皮细胞,96276,94937,0.9860920686360048,0.0,0.0,150.0,510.19199999999546,95,944,849,0.1001,0.9943
胃蛋白酶原Ⅰ,89644,89041,0.9932733925304538,2.0,17.1,210.0,210.0,84,892,808,0.0943,1.0018
病理管型,96276,94937,0.9860920686360048,0.0,0.0,0.0,1.0,16,820,804,0.0169,0.8637
碳13尿素呼气试验,90259,88935,0.9853311027155187,0.01,0.01,66.66,86.85264000000024,89,889,800,0.1001,0.9996
抗甲状腺球蛋白抗体,87836,87412,0.9951728220775081,10.0,10.0,823.1779999999999,2697.5469999998313,93,880,787,0.1064,1.0067
游离前列腺特异性抗原,42250,42083,0.9960473372781065,0.01,0.06,1.291800000000003,2.788359999999957,43,821,778,0.1022,1.9509
睾酮,89698,86633,0.9658297843876118,0.025,0.025,9.07,11.323680000000023,99,873,774,0.1143,1.0077
嗜碱性粒细胞绝对值,97057,96927,0.9986605808957623,0.0,0.0,0.06,0.1,91,858,767,0.0939,0.8852
白细胞团,96276,94937,0.9860920686360048,0.0,0.0,2.0,42.06399999999849,95,853,758,0.1001,0.8985
胃泌素释放肽前体,41798,41746,0.998755921335949,7.77745,17.8,95.22750000000015,167.36099999999425,84,834,750,0.2012,1.9978
抗甲状腺过氧化物酶抗体,89725,83245,0.92777932571747,5.0,5.0,356.0,549.8535999999964,89,835,746,0.1069,1.0031
脂蛋白相关磷脂酶A2,41503,41468,0.9991566874683758,8.8401,121.867,846.1330000000002,1093.5990000000093,84,830,746,0.2026,2.0015
总前列腺特异性抗原,42255,42109,0.9965447875991007,0.02,0.22,7.31,17.25703999999998,79,822,743,0.1876,1.9521
凝血酶原活动度,41773,41708,0.9984439709860436,41.0,78.0,139.9300000000003,152.0,81,810,729,0.1942,1.9421
高敏肌钙蛋白T,90413,79160,0.8755378098282327,3.0,3.0,21.1,63.23004000000015,85,795,710,0.1074,1.0043
非鳞状上皮细胞,96276,94937,0.9860920686360048,0.0,0.0,8.0,27.063999999998487,95,797,702,0.1001,0.8395
人附睾蛋白4,37750,37695,0.9985430463576159,20.17552,24.5694,91.49059999999997,160.42239999999876,76,754,678,0.2016,2.0003
雌二醇,89697,74845,0.8344203262093493,5.0,5.0,392.75599999999974,731.0882000000092,86,760,674,0.1149,1.0154
总Ⅰ型胶原氨基端延长肽,37690,37537,0.9959405677898647,8.48216,12.8,120.63999999999942,173.0,75,744,669,0.1998,1.982
转铁蛋白饱和度,36930,36886,0.9988085567289466,3.82,8.3,69.18150000000001,86.8114999999998,73,735,662,0.1979,1.9926
精子,96276,94937,0.9860920686360048,0.0,0.0,0.0,99.19199999999546,95,739,644,0.1001,0.7784
γ-谷氨酰基转肽酶,38494,38375,0.996908609133891,7.0,9.0,170.0,384.8779999999897,67,694,627,0.1746,1.8085
胰岛素抵抗指数,32418,32383,0.9989203528903695,0.41381999999999997,0.71,11.541800000000002,24.032259999999187,66,640,574,0.2038,1.9763
补体C4,31932,31890,0.998684704998121,0.069,0.105,0.442,0.56,60,634,574,0.1881,1.9881
肿瘤特异性生长因子,31771,31730,0.9987095149664789,28.52187,37.7,69.67549999999996,73.8,62,634,572,0.1954,1.9981
嗜碱性粒细胞百分数,97057,96927,0.9986605808957623,0.0,0.0,1.2,1.8,76,644,568,0.0784,0.6644
尿酸碱度,96276,94023,0.9765985292284681,5.5,5.5,7.5,8.0,9,566,557,0.0096,0.602
异常凝血酶原,31784,31703,0.9974515479486534,8.39106,10.7,24.0,62.88939999999966,64,615,551,0.2019,1.9399
免疫球蛋白M,32158,32124,0.9989427203184278,0.22,0.34,2.67,4.790160000000032,62,604,542,0.193,1.8802
补体C3,31932,31901,0.9990291870224226,0.559,0.68,1.47,1.71,61,601,540,0.1912,1.884
糖类抗原CA50,30430,28935,0.9508708511337496,0.21934,0.7134000000000003,16.0266,39.658739999999014,58,580,522,0.2004,2.0045
血浆蛋白C活性,28671,28635,0.9987443758501622,46.0,70.0,169.0,200.0,28,549,521,0.0978,1.9172
网织红血红蛋白含量表达值,30289,30064,0.9925715606325729,19.4,23.0,35.2,37.3,58,578,520,0.1929,1.9226
中荧光强度网织红细胞比率,30289,30064,0.9925715606325729,0.8,1.2,10.9,17.087400000000343,48,564,516,0.1597,1.876
抗凝血酶III活性,28642,28606,0.9987431045318065,66.0,82.0,128.0,139.0,51,552,501,0.1783,1.9297
糖类抗原CA242,30430,28608,0.940124876766349,0.07,0.09,20.377900000000007,36.201440000000005,53,546,493,0.1853,1.9086
网织红细胞数目,30289,30064,0.9925715606325729,0.017,0.023,0.148,0.202,51,539,488,0.1696,1.7928
血浆蛋白S活性,28655,28617,0.9986738789042052,28.616,49.0,145.0,175.0,56,543,487,0.1957,1.8975
狼疮抗凝物筛选试验比值,28645,28609,0.9987432361668703,0.8,0.87,1.35,1.82,55,517,462,0.1922,1.8071
网织红细胞百分率,30289,30064,0.9925715606325729,0.5606300000000001,0.68,2.86,3.729370000000017,62,516,454,0.2062,1.7163
狼疮抗凝物标准比值,28645,28609,0.9987432361668703,0.85,0.89,1.23,1.47,51,504,453,0.1783,1.7617
狼疮抗凝物确认试验比值,28645,28609,0.9987432361668703,0.82,0.9,1.19,1.4939199999999981,50,450,400,0.1748,1.5729
淀粉酶,22175,22163,0.9994588500563698,22.0,29.613000000000003,151.9318000000001,281.8939999999966,44,444,400,0.1985,2.0033
游离睾酮,20751,20732,0.9990843814755915,0.007,0.158,0.648,0.8308070000000006,33,412,379,0.1592,1.9873
涎液化糖链抗原,22209,22191,0.9991895177630691,72.19,92.0,595.1999999999971,1332.0500000000065,46,423,377,0.2073,1.9062
尿肌酐,96278,94938,0.9860819709590977,0.9,4.4,26.5,26.5,0,368,368,0.0,0.3876
脂肪酶,22141,22128,0.9994128539813016,10.0,15.0,101.72999999999956,253.8729999999996,45,410,365,0.2034,1.8529
FPSA/TPSA,18285,18265,0.9989062072737216,0.05,0.09,0.56,1.0,14,303,289,0.0766,1.6589
其它结晶,32163,31689,0.9852625687902248,0.0,0.0,3321.3999999999796,11278.200000000172,32,317,285,0.101,1.0003
正常红细胞,32163,31689,0.9852625687902248,0.0,0.0,89.11999999999898,2874.336000000134,32,317,285,0.101,1.0003
小红细胞,32163,31689,0.9852625687902248,0.0,0.0,25.0,148.31200000000172,32,316,284,0.101,0.9972
草酸钙结晶,32163,31689,0.9852625687902248,0.0,0.0,291.0,1118.2480000000069,32,314,282,0.101,0.9909
其它异形红细胞,32163,31689,0.9852625687902248,0.0,0.0,25.0,420.67200000005323,32,313,281,0.101,0.9877
低荧光强度网织红细胞比率,30289,30064,0.9925715606325729,81.3,88.2,98.6,98.6,37,305,268,0.1231,1.0145
未成熟网织红细胞比率,30289,30064,0.9925715606325729,1.4,1.4,11.8,18.7,37,305,268,0.1231,1.0145
影红细胞,32163,31689,0.9852625687902248,0.0,0.0,6.0,85.62400000000343,32,299,267,0.101,0.9435
移形上皮细胞,32163,31689,0.9852625687902248,0.0,0.0,9.0,30.312000000001717,32,297,265,0.101,0.9372
β-羟基丁酸,14151,14142,0.9993640025439898,1.0,23.0,2460.1800000000003,4362.284000000029,15,273,258,0.1061,1.9304
钠,91618,91504,0.9987557030277893,135.0,137.0,147.0,147.0,125,371,246,0.1366,0.4054
未成熟血小板比率,30289,30064,0.9925715606325729,0.8,0.8,5.9,10.493700000000171,31,264,233,0.1031,0.8781
抗核抗体ANA,13133,12880,0.9807355516637478,1.28879,2.33,165.05459999999977,275.32419999999985,26,253,227,0.2019,1.9643
甲状腺球蛋白,12456,12262,0.9844251766217084,0.05,0.15,94.09499999999971,306.6509999999962,18,240,222,0.1468,1.9573
DP-T细胞百分比,11854,11853,0.9999156402901974,0.16,0.28,6.789599999999991,17.25255999999983,17,233,216,0.1434,1.9657
自然杀伤细胞（NK）百分比,11854,11853,0.9999156402901974,2.18,3.8503999999999996,40.49919999999998,53.16887999999995,23,238,215,0.194,2.0079
DN-T细胞百分比,11854,11853,0.9999156402901974,0.35704,0.6552,15.169599999999992,25.169599999999846,24,238,214,0.2025,2.0079
辅助/诱导T淋巴细胞百分比,11854,11853,0.9999156402901974,16.43408,22.3904,59.32959999999999,65.64887999999995,24,238,214,0.2025,2.0079
辅助/诱导T淋巴细胞绝对值,11854,11853,0.9999156402901974,155.40800000000002,239.51999999999998,1486.4799999999996,2043.3679999999877,24,238,214,0.2025,2.0079
总B淋巴细胞绝对值,11854,11853,0.9999156402901974,1.77704,4.66,552.4799999999996,1117.2959999999985,24,237,213,0.2025,1.9995
总T淋巴细胞绝对值,11854,11853,0.9999156402901974,304.556,474.0,2371.4399999999987,3109.1439999999784,24,237,213,0.2025,1.9995
细胞毒/抑制T淋巴细胞绝对值,11854,11853,0.9999156402901974,9.48816,13.32,1051.4799999999996,1535.8879999999954,24,237,213,0.2025,1.9995
总B淋巴细胞百分比,11854,11853,0.9999156402901974,1.5,3.7,482.47999999999956,785.5919999999969,23,234,211,0.194,1.9742
细胞毒/抑制T细胞百分比,11854,11853,0.9999156402901974,8.9852,12.6,883.9199999999983,1248.6639999999861,24,234,210,0.2025,1.9742
辅助T/抑制T淋巴细胞比值,11854,11853,0.9999156402901974,0.32852000000000003,0.56,4.31,6.084439999999977,24,233,209,0.2025,1.9657
NK-T细胞百分比,11854,11853,0.9999156402901974,0.7970400000000001,1.38,24.62,36.29519999999815,24,232,208,0.2025,1.9573
总T淋巴细胞百分比,11854,11853,0.9999156402901974,35.43192,47.352,85.9,89.62071999999989,24,232,208,0.2025,1.9573
自然杀伤细胞（NK）绝对值,11854,11853,0.9999156402901974,32.0,61.0,766.0,1109.1839999999938,23,231,208,0.194,1.9489
调节性T细胞百分比,11854,11853,0.9999156402901974,1.2,1.7,8.1,11.423679999999877,23,227,204,0.194,1.9151
NK-T细胞绝对值,11854,11853,0.9999156402901974,10.852,19.0,476.0,796.255999999983,24,224,200,0.2025,1.8898
血小板比积,13200,13156,0.9966666666666667,0.09,0.12,0.36,0.46,25,217,192,0.19,1.6494
高荧光强度网织红细胞比率,30289,30064,0.9925715606325729,0.0,0.0,1.5,2.8,25,210,185,0.0832,0.6985
阿尔茨海默相关神经丝蛋白,10851,10679,0.9841489263662335,0.02,0.07,2.4521999999999937,5.309320000000007,19,200,181,0.1779,1.8728
DN-T细胞绝对值,11854,11853,0.9999156402901974,2.0,5.0,204.0,376.9959999999792,13,188,175,0.1097,1.5861
C肽,9638,9633,0.9994812201701598,0.36,0.98,6.7,10.216800000000038,19,187,168,0.1972,1.9412
尿酸结晶,32163,31689,0.9852625687902248,0.0,0.0,0.0,21.0,31,173,142,0.0978,0.5459
DP-T细胞绝对值,11854,11853,0.9999156402901974,1.0,2.0,93.0,264.5919999999969,14,155,141,0.1181,1.3077
酵母菌,96276,94937,0.9860920686360048,0.0,0.0,0.0,21.0,91,201,110,0.0959,0.2117
皮质醇,5214,5214,1.0,0.75,3.7891,26.84,33.76122000000054,11,105,94,0.211,2.0138
其它管型,32163,31689,0.9852625687902248,0.0,0.0,0.0,1.0,0,93,93,0.0,0.2935
醛固酮,5211,5211,1.0,1.4763,2.94,36.879999999999924,82.2534999999996,12,105,93,0.2303,2.015
促肾上腺皮质激素,5209,5208,0.9998080245728547,5.69417,8.0905,70.33,120.31751999999643,12,105,93,0.2304,2.0161
肾素,5206,5194,0.9976949673453708,0.85386,1.8551,201.91529999999744,568.48,11,104,93,0.2118,2.0023
N端脑钠肽前体,4772,4664,0.9773679798826488,5.0,5.1126,1068.6019999999996,3424.40543000005,5,94,89,0.1072,2.0154
淋巴细胞计数,4519,4519,1.0,591.144,794.18,3066.019999999997,3977.845999999994,10,92,82,0.2213,2.0358
芒果（IgG）,4250,4245,0.9988235294117647,0.01,1.3843999999999999,37.11240000000002,49.12008000000053,5,86,81,0.1178,2.0259
玉米（IgG）,4250,4245,0.9988235294117647,0.01,1.0483999999999998,44.5500000000002,90.50844000000109,6,86,80,0.1413,2.0259
橄榄(IgG),4250,4244,0.9985882352941177,0.01,0.14579999999999999,45.192699999999974,101.79310999999716,6,86,80,0.1414,2.0264
醛固酮/肾素,5069,5069,1.0,0.010680000000000005,0.04,5.222799999999988,11.95,11,89,78,0.217,1.7558
Omega-6/Omega-3比,4252,4252,1.0,3.303299,4.03653,9.956449999999998,11.746184999999885,10,86,76,0.2352,2.0226
心血管健康指数,4252,4252,1.0,1.281789,1.72018,8.12049,9.172744999999999,10,86,76,0.2352,2.0226
总DHA,4252,4252,1.0,0.620263,0.96851,3.7092899999999953,4.795915999999983,10,86,76,0.2352,2.0226
炎症体质指数,4252,4252,1.0,1.946279,2.31467,16.135929999999988,31.96823599999984,10,86,76,0.2352,2.0226
甲状腺素,4251,4246,0.9988238061632557,3.5793999999999997,4.6445,11.075500000000002,15.43345000000002,10,86,76,0.2355,2.0254
脑功能,4169,4169,1.0,17.7,27.668,79.29599999999992,85.63280000000013,8,84,76,0.1919,2.0149
消化系统,4169,4169,1.0,17.9,26.568,73.73199999999997,80.08320000000003,9,84,75,0.2159,2.0149
呼吸系统,4169,4169,1.0,10.4008,24.668,78.03199999999997,85.11600000000017,10,84,74,0.2399,2.0149
大气污染暴露,4169,4169,1.0,20.7176,29.968,72.53199999999997,79.36560000000027,10,84,74,0.2399,2.0149
总览,4169,4169,1.0,14.2368,26.968,82.66399999999993,88.68320000000003,10,84,74,0.2399,2.0149
环境毒物暴露,4169,4169,1.0,19.3504,27.968,74.65999999999985,81.31600000000017,10,84,74,0.2399,2.0149
神经系统,4169,4169,1.0,18.084799999999998,28.704,77.23199999999997,83.68240000000023,10,84,74,0.2399,2.0149
肝功能,4169,4169,1.0,11.536,26.368,80.13199999999996,86.68320000000003,10,84,74,0.2399,2.0149
内分泌系统,4169,4169,1.0,11.6672,26.5,79.33199999999997,84.26640000000006,10,83,73,0.2399,1.9909
泌尿系统,4169,4169,1.0,18.8008,29.5,80.3,85.1,9,82,73,0.2159,1.9669
生殖功能,4169,4169,1.0,18.8008,29.5,80.3,85.1,9,82,73,0.2159,1.9669
碳水代谢功能,4169,4169,1.0,13.452,27.036,78.7,84.83280000000013,10,83,73,0.2399,1.9909
脂肪代谢功能,4169,4169,1.0,18.384,27.868,78.2,84.68320000000003,10,83,73,0.2399,1.9909
鸡蛋 (IgG),4250,4043,0.9512941176470588,1.0189,7.170400000000001,174.44219999999999,199.32580000000002,10,82,72,0.2473,2.0282
免疫功能,4169,4169,1.0,10.9864,25.7,79.7,85.31600000000017,10,81,71,0.2399,1.9429
眼视光系统,4169,4169,1.0,16.8688,28.1,80.83199999999997,86.18320000000003,10,81,71,0.2399,1.9429
运动系统,4169,4169,1.0,20.584,30.2,78.8,86.26640000000006,10,81,71,0.2399,1.9429
三碘甲状腺原氨酸,4250,4247,0.9992941176470588,0.55,0.67,1.74,2.525719999999983,9,79,70,0.2119,1.8601
心血管系统,4169,4169,1.0,10.9336,24.2,78.2,85.1496000000001,10,79,69,0.2399,1.8949
树花粉组合,4221,4216,0.9988154465766406,0.01,0.02,1.0440000000000147,9.379399999999878,5,72,67,0.1186,1.7078
矮豚草,4221,4216,0.9988154465766406,0.01,0.02,0.8785000000000036,11.66184999999994,5,71,66,0.1186,1.6841
白介素-8,3368,3319,0.9854513064133017,1.65954,2.4526,26.469600000000128,59.93771999999737,8,68,60,0.241,2.0488
透明管型,96276,94937,0.9860920686360048,0.0,0.0,1.0,2.0,43,102,59,0.0453,0.1074
肿瘤坏死因子α,3368,3367,0.9997030878859857,2.9215,3.7866,11.5,18.94478000000001,8,67,59,0.2376,1.9899
白介素-12p70,3368,3164,0.9394299287410927,1.52,1.6163,44.41239999999994,74.55838999999995,6,64,58,0.1896,2.0228
总Omega-3,3110,3110,1.0,3.249781,4.03718,10.013299999999996,11.196455,8,64,56,0.2572,2.0579
总Omega-6,3110,3110,1.0,28.808596,31.827270000000002,50.41649999999999,54.770512000000004,8,64,56,0.2572,2.0579
蜡样管型,32163,31689,0.9852625687902248,0.0,0.0,0.0,1.0,0,53,53,0.0,0.1673
抗缪勒管激素,6081,4870,0.8008551225127446,0.01,0.01,8.003100000000003,11.718470000000115,5,49,44,0.1027,1.0062
西瓜(IgG),4250,4245,0.9988235294117647,0.0,0.01,26.67120000000001,41.592320000000385,5,49,44,0.1178,1.1543
空腹葡萄糖,2441,2430,0.9954936501433839,2.92574,3.7887,12.171000000000003,17.876139999999793,6,50,44,0.2469,2.0576
胰岛素样生长因子-1(IGF-1),2379,2358,0.9911727616645649,21.6571,27.845200000000002,202.76179999999997,276.4304000000001,6,48,42,0.2545,2.0356
三文鱼(IgG),4250,4245,0.9988235294117647,0.01,0.01,36.76800000000002,47.55268000000001,5,43,38,0.1178,1.013
哈密瓜(IgG),4250,4245,0.9988235294117647,0.01,0.01,26.41480000000003,42.240400000000285,6,44,38,0.1413,1.0365
大米（IgG）,4250,4245,0.9988235294117647,0.01,0.01,31.293600000000026,45.31840000000044,7,45,38,0.1649,1.0601
小麦 (IgG),4250,4245,0.9988235294117647,0.01,0.01,37.79680000000011,67.82120000000006,5,43,38,0.1178,1.013
柚子(IgG),4250,4245,0.9988235294117647,0.01,0.01,36.33280000000005,49.54332000000031,6,44,38,0.1413,1.0365
桃(IgG),4250,4245,0.9988235294117647,0.01,0.01,25.97120000000001,41.20460000000089,6,44,38,0.1413,1.0365
橘子(IgG),4250,4245,0.9988235294117647,0.01,0.01,28.83120000000001,43.455720000000426,6,44,38,0.1413,1.0365
火鸡(IgG),4250,4245,0.9988235294117647,0.01,0.01,24.428400000000057,39.418120000000556,8,46,38,0.1885,1.0836
猪肉 (IgG),4250,4245,0.9988235294117647,0.01,0.01,30.647600000000285,41.9738400000002,7,45,38,0.1649,1.0601
羊肉（IgG）,4250,4245,0.9988235294117647,0.01,0.01,31.64600000000004,41.923720000000586,5,43,38,0.1178,1.013
芝麻(IgG),4250,4245,0.9988235294117647,0.01,0.01,35.92360000000003,49.1362800000002,5,43,38,0.1178,1.013
苹果(IgG),4250,4245,0.9988235294117647,0.01,0.01,24.15600000000004,39.527040000000106,8,46,38,0.1885,1.0836
草莓(IgG),4250,4245,0.9988235294117647,0.01,0.01,25.088400000000057,37.1652400000004,7,45,38,0.1649,1.0601
草鱼(IgG),4250,4245,0.9988235294117647,0.01,0.01,30.54400000000006,45.26940000000036,7,45,38,0.1649,1.0601
菠菜(IgG),4250,4245,0.9988235294117647,0.01,0.01,27.38120000000001,38.723720000001364,7,45,38,0.1649,1.0601
葡萄(IgG),4250,4245,0.9988235294117647,0.01,0.01,26.866800000000012,41.15476000000038,7,45,38,0.1649,1.0601
蓝莓(IgG),4250,4245,0.9988235294117647,0.01,0.01,27.165600000000005,37.60532000000015,6,44,38,0.1413,1.0365
蘑菇 (IgG),4250,4245,0.9988235294117647,0.0024399999999999977,0.01,27.93120000000001,46.723120000000165,10,48,38,0.2356,1.1307
西红柿 (IgG),4250,4245,0.9988235294117647,0.01,0.01,24.54120000000001,39.49736000000065,8,46,38,0.1885,1.0836
青豆(IgG),4250,4245,0.9988235294117647,0.01,0.01,56.822400000000016,106.33852000000005,5,43,38,0.1178,1.013
香蕉(IgG),4250,4245,0.9988235294117647,0.01,0.01,30.869200000000028,47.459080000000604,7,45,38,0.1649,1.0601
鸡肉 (IgG),4250,4245,0.9988235294117647,0.01,0.01,28.693200000000186,42.753840000000196,9,47,38,0.212,1.1072
带鱼(IgG),4250,4244,0.9985882352941177,0.01,0.01,39.173899999999925,109.54258999999887,6,44,38,0.1414,1.0368
虾 (IgG),4250,4244,0.9985882352941177,0.01,0.01,31.585199999999894,45.44298999999997,5,43,38,0.1178,1.0132
龙虾（IgG）,4250,4244,0.9985882352941177,0.01,0.01,38.06839999999996,61.86856999999489,5,43,38,0.1178,1.0132
扇贝(IgG),4250,4243,0.9983529411764706,0.01,0.01,41.55919999999995,61.84493999999888,5,43,38,0.1178,1.0134
螃蟹 (IgG),4250,4243,0.9983529411764706,0.01,0.01,46.46959999999999,112.28237999999799,5,43,38,0.1178,1.0134
大豆 (IgG),4250,4241,0.9978823529411764,0.01,0.01,56.39000000000033,160.09240000000037,5,43,38,0.1179,1.0139
蛤(IgG),4250,4238,0.9971764705882353,0.01,0.01,47.20490000000002,151.35789999999972,5,43,38,0.118,1.0146
鳕鱼 (IgG),4250,4238,0.9971764705882353,0.01,0.01,43.83530000000004,152.43607999999935,5,43,38,0.118,1.0146
腰果（IgG）,4250,4222,0.9934117647058823,0.01,0.01,81.5795,178.63396999999935,9,47,38,0.2132,1.1132
花生（IgG）,4250,4222,0.9934117647058823,0.01,0.01,82.71019999999999,163.09086999999428,5,43,38,0.1184,1.0185
牛奶,4221,4216,0.9988154465766406,0.01,0.01,1.1820000000000437,18.642549999998916,5,43,38,0.1186,1.0199
羊肉,4221,4216,0.9988154465766406,0.01,0.01,0.16850000000000365,0.2978499999999985,5,43,38,0.1186,1.0199
虾,4221,4216,0.9988154465766406,0.01,0.01,0.43700000000000727,8.228049999999747,5,43,38,0.1186,1.0199
蟑螂,4221,4216,0.9988154465766406,0.01,0.01,0.7785000000000036,6.965699999999706,5,43,38,0.1186,1.0199
贝,4221,4216,0.9988154465766406,0.01,0.01,0.20850000000000363,0.3870999999999913,5,43,38,0.1186,1.0199
鸡蛋白,4221,4216,0.9988154465766406,0.01,0.01,0.23850000000000363,0.5720499999999811,5,43,38,0.1186,1.0199
黄豆,4221,4216,0.9988154465766406,0.01,0.01,0.19850000000000365,0.7246499999999287,6,44,38,0.1423,1.0436
艾蒿,4221,4215,0.9985785358919688,0.01,0.01,2.0229999999999833,26.35294000000016,5,43,38,0.1186,1.0202
霉菌组合,4221,4215,0.9985785358919688,0.01,0.01,2.8585999999999965,64.94890000000021,5,43,38,0.1186,1.0202
猫毛皮屑,4221,4214,0.9983416252072969,0.01,0.01,1.057399999999998,71.94723000000715,7,45,38,0.1661,1.0679
屋尘螨/粉尘螨,4221,4213,0.998104714522625,0.01,0.01,17.53120000000008,61.545799999998735,5,43,38,0.1187,1.0207
混合草,4221,4213,0.998104714522625,0.01,0.01,7.9776000000000025,48.592719999996696,5,43,38,0.1187,1.0207
狗毛皮屑,4221,4209,0.9971570717839374,0.01,0.01,0.47840000000000144,27.75488000000033,5,43,38,0.1188,1.0216
榴莲(IgG),4250,4245,0.9988235294117647,0.01,0.01,30.64,41.88764000000052,6,43,37,0.1413,1.013
沙丁鱼(IgG),4250,4245,0.9988235294117647,0.01,0.01,30.42,48.98648000000034,5,42,37,0.1178,0.9894
牛肉 (IgG),4250,4245,0.9988235294117647,0.01,0.01,35.35,46.7943600000001,5,42,37,0.1178,0.9894
菠萝（IgG）,4250,4245,0.9988235294117647,0.01,0.01,31.45,43.638480000000186,8,45,37,0.1885,1.0601
菠萝,4221,4216,0.9988154465766406,0.01,0.01,0.14,0.33354999999999563,5,42,37,0.1186,0.9962
龙虾/扇贝,4221,4216,0.9988154465766406,0.01,0.01,0.22,1.4249499999999897,5,42,37,0.1186,0.9962
牛奶 (IgG),4250,4184,0.9844705882352941,0.01,0.01,142.11870000000002,208.01994000000008,6,43,37,0.1434,1.0277
屋尘,4221,4216,0.9988154465766406,0.01,0.01,0.27,1.8638999999999215,5,41,36,0.1186,0.9725
桑树,4221,4216,0.9988154465766406,0.01,0.01,0.21,1.5791499999999723,6,42,36,0.1423,0.9962
花生,4221,4216,0.9988154465766406,0.01,0.01,0.24,1.5619499999999609,5,41,36,0.1186,0.9725
葎草,4221,4216,0.9988154465766406,0.01,0.01,0.21,2.9032499999999346,5,41,36,0.1186,0.9725
蟹,4221,4216,0.9988154465766406,0.01,0.01,0.27,4.008649999999871,5,41,36,0.1186,0.9725
糖类抗原72-4,1890,1852,0.9798941798941799,0.51,0.5651,66.52300000000002,240.29799999999977,2,38,36,0.108,2.0518
腰果,4221,4216,0.9988154465766406,0.01,0.01,0.2,0.5549499999999897,5,40,35,0.1186,0.9488
鲑鱼,4221,4216,0.9988154465766406,0.01,0.01,0.19,0.28,4,39,35,0.0949,0.925
鳕鱼,4221,4215,0.9985785358919688,0.01,0.01,0.19,0.29786000000000057,6,40,34,0.1423,0.949
PGⅠ/PGⅡ比率,1892,1886,0.9968287526427061,0.7,2.8,22.415000000000006,38.54600000000001,3,37,34,0.1591,1.9618
铁,1890,1885,0.9973544973544973,2.9768,4.368,38.61600000000001,48.57399999999998,4,38,34,0.2122,2.0159
牛肉,4221,4216,0.9988154465766406,0.01,0.01,0.21,1.5963499999999842,5,38,33,0.1186,0.9013
芒果,4221,4216,0.9988154465766406,0.01,0.01,0.22,1.3498999999999794,5,38,33,0.1186,0.9013
苋,4221,4216,0.9988154465766406,0.01,0.01,0.22,5.872649999999813,6,39,33,0.1423,0.925
催乳素,1893,1888,0.9973586899101955,3.88627,5.09,53.33989999999997,133.10305000000113,4,37,33,0.2119,1.9597
甲状腺球蛋白抗体,1890,1878,0.9936507936507937,14.8877,15.7,870.6800000000003,2079.6430000000114,4,37,33,0.213,1.9702
S100蛋白,1847,1847,1.0,0.005,0.009,0.112,0.19208599999999978,2,34,32,0.1083,1.8408
糖类抗原19-9,1890,1723,0.9116402116402117,1.16332,2.951,47.91459999999993,115.55824000000075,4,36,32,0.2322,2.0894
糖类抗原125,1663,1654,0.994588093806374,1.94259,3.9823999999999997,49.074000000000005,102.45530999999886,4,34,30,0.2418,2.0556
糖类抗原15-3,1663,1654,0.994588093806374,2.1759,3.9565,31.994699999999998,44.92055999999995,4,34,30,0.2418,2.0556
人磷酸化Tau-181蛋白,1626,1607,0.9883148831488315,0.717634,1.20818,19.5782,38.31949400000008,4,34,30,0.2489,2.1157
人β淀粉样蛋白1-42,1626,1607,0.9883148831488315,25.686168000000002,44.0,268.8660200000002,358.49427400000013,4,33,29,0.2489,2.0535
ROMA指数(绝经前),1511,1511,1.0,2.0153,2.724,37.52700000000003,66.85680000000004,4,32,28,0.2647,2.1178
ROMA指数(绝经后),1511,1511,1.0,3.0202,4.011,28.985000000000014,48.39730000000005,4,32,28,0.2647,2.1178
胃泌素17,1892,1679,0.8874207188160677,1.0,1.1,39.876000000000026,49.5,1,27,26,0.0596,1.6081
pTau-181/Aβ1-42,1626,1607,0.9883148831488315,0.005,0.009,0.18094000000000005,0.4656720000000005,2,27,25,0.1245,1.6801
糖类抗原50,1352,1348,0.9970414201183432,0.08347,0.1647,17.563299999999984,31.82759000000012,4,28,24,0.2967,2.0772
全段甲状旁腺激素,1347,1347,1.0,9.77044,14.9598,85.43819999999995,104.48709999999998,4,28,24,0.297,2.0787
总Omgea-3,1142,1142,1.0,2.998753,3.58766,9.37713,10.916137999999972,4,24,20,0.3503,2.1016
总Omgea-6,1142,1142,1.0,19.642768,23.1939,47.04452,61.197907999999586,4,24,20,0.3503,2.1016
棘形红细胞,32163,31689,0.9852625687902248,0.0,0.0,0.0,4.0,23,42,19,0.0726,0.1325
葡萄糖(2小时),972,971,0.9989711934156379,3.3679,4.787,24.873,27.95599999999983,2,20,18,0.206,2.0597
葡萄糖(1小时),965,964,0.9989637305699481,5.18668,6.6289,23.5237,27.298050000000092,2,20,18,0.2075,2.0747
餐后1小时胰岛素,904,903,0.9988938053097345,4.582140000000001,12.726600000000001,390.8336000000002,495.1971199999968,2,20,18,0.2215,2.2148
餐后2小时胰岛素,903,902,0.9988925802879292,2.78329,10.4376,444.2079000000001,642.7462200000001,2,20,18,0.2217,2.2173
葡萄糖(3小时),895,894,0.9988826815642458,2.36572,3.1423,20.7014,23.685329999999848,2,18,16,0.2237,2.0134
餐后2小时C肽,882,882,1.0,1.61294,2.7462,27.992799999999992,33.33043000000016,2,18,16,0.2268,2.0408
空腹胰岛素,882,881,0.9988662131519275,1.9096000000000002,3.126,47.47400000000001,115.71720000000008,2,18,16,0.227,2.0431
餐后1小时C肽,878,878,1.0,1.4305800000000002,2.3177,24.417600000000004,28.924920000000004,2,18,16,0.2278,2.0501
空腹C肽,861,861,1.0,0.4326,0.996,7.267999999999993,12.790399999999925,2,18,16,0.2323,2.0906
餐后3小时胰岛素,849,848,0.9988221436984688,3.39919,5.2287,296.06269999999995,397.6255700000002,2,18,16,0.2358,2.1226
餐后3小时C肽,830,830,1.0,1.2986300000000002,2.3832,23.48590000000001,32.201960000000625,2,18,16,0.241,2.1687
糖类抗原242,1352,1348,0.9970414201183432,0.07,0.07,20.455299999999973,53.777660000000765,2,14,12,0.1484,1.0386
胰岛素样生长因子-1,544,542,0.9963235294117647,21.51905,30.5829,159.0090000000001,189.0876099999997,2,12,10,0.369,2.214
脂联素,492,491,0.9979674796747967,0.5282,0.996,13.970000000000013,20.653299999999966,2,10,8,0.4073,2.0367
C16:0,337,337,1.0,2.0,5.881079999999999,63.64191999999997,69.10384799999996,1,8,7,0.2967,2.3739
C17:0,337,337,1.0,0.143,0.14436,2.276079999999999,3.3971919999999853,1,8,7,0.2967,2.3739
C22:4n6,337,337,1.0,1.046,1.2145599999999999,65.74191999999991,70.17139199999997,1,8,7,0.2967,2.3739
总β人绒毛膜促性腺激素,686,684,0.9970845481049563,0.1,0.1,6.218999999999971,4431.479400000101,1,7,6,0.1462,1.0234
MUFA,393,393,1.0,4.290792,6.8223199999999995,26.501559999999994,30.597528000000022,2,8,6,0.5089,2.0356
PUFA,393,393,1.0,23.546632,26.067239999999998,55.526839999999986,58.73628800000001,2,8,6,0.5089,2.0356
SFA,393,393,1.0,24.328224000000002,28.70244,59.257239999999996,64.84121600000002,2,8,6,0.5089,2.0356
葡萄糖(0.5小时),345,344,0.9971014492753624,6.14889,6.8186,20.688299999999984,25.075499999999973,2,8,6,0.5814,2.3256
AA/EPA,337,337,1.0,3.445176,4.33664,109.80751999999998,150.04790399999976,2,8,6,0.5935,2.3739
C14:0,337,337,1.0,0.108336,0.1238,2.8392399999999975,3.8772239999999867,2,8,6,0.5935,2.3739
C15:0,337,337,1.0,0.11533600000000001,0.12644,1.3683199999999998,1.402984,2,8,6,0.5935,2.3739
C18:0,337,337,1.0,5.003504,12.506,68.86868,80.36318399999996,2,8,6,0.5935,2.3739
C18:1n9,337,337,1.0,1.8411760000000001,6.48088,50.64095999999998,59.79761599999996,2,8,6,0.5935,2.3739
C18:2n6,337,337,1.0,1.8704080000000003,7.199879999999999,50.27083999999999,52.05015199999999,2,8,6,0.5935,2.3739
C18:3n3,337,337,1.0,0.064688,0.07536,7.148399999999996,7.803287999999994,2,8,6,0.5935,2.3739
C18:3n6,337,337,1.0,0.04804,0.10152,5.0868799999999945,9.46081599999997,2,8,6,0.5935,2.3739
C20:0,337,337,1.0,0.130576,0.2094,5.253159999999996,6.296063999999997,2,8,6,0.5935,2.3739
C20:1n9,337,337,1.0,0.098408,0.12916,5.435759999999999,5.753319999999998,2,8,6,0.5935,2.3739
C20:2n6,337,337,1.0,0.138352,0.2458,10.365279999999998,30.9092879999998,2,8,6,0.5935,2.3739
C20:3n6,337,337,1.0,0.21757600000000002,0.43388,24.243799999999993,27.495679999999965,2,8,6,0.5935,2.3739
C20:4n6,337,337,1.0,6.9523600000000005,10.21344,71.74575999999999,75.38125599999995,2,8,6,0.5935,2.3739
C20:5n3,337,337,1.0,0.34472,0.39296,7.879959999999999,8.439887999999991,2,8,6,0.5935,2.3739
C22:0,337,337,1.0,0.39434400000000003,0.4334,20.205119999999994,20.817863999999997,2,8,6,0.5935,2.3739
C22:5n3,337,337,1.0,0.935376,1.1666,7.658279999999998,8.688511999999996,2,8,6,0.5935,2.3739
C22:6n3,337,337,1.0,1.581992,2.0624,18.258639999999996,21.41997599999998,2,8,6,0.5935,2.3739
C24:0,337,337,1.0,0.330728,0.72044,30.245759999999986,41.456807999999796,2,8,6,0.5935,2.3739
C24:1n9,337,337,1.0,0.167336,0.5846,31.82936,33.309783999999986,2,8,6,0.5935,2.3739
DHA,337,337,1.0,0.955976,1.0618,12.523799999999996,14.795471999999997,2,8,6,0.5935,2.3739
N-3 Index,337,337,1.0,1.303248,1.58032,7.890359999999999,8.459328000000001,2,8,6,0.5935,2.3739
n-3 PUFA,337,337,1.0,2.398456,2.8656800000000002,10.853919999999995,12.095055999999996,2,8,6,0.5935,2.3739
n-6 PUFA,337,337,1.0,21.100936,22.666880000000003,47.38008,50.286768,2,8,6,0.5935,2.3739
n-6/n-3,337,337,1.0,2.479784,2.9688800000000004,11.367879999999994,14.273727999999979,2,8,6,0.5935,2.3739
C14:1n5,337,337,1.0,0.001336,0.003,0.34891999999999995,0.369664,2,7,5,0.5935,2.0772
C16:1n7,337,337,1.0,0.035336,0.05368,1.42,1.562471999999999,2,7,5,0.5935,2.0772
C22:1n9,337,337,1.0,0.123672,0.126,3.5566799999999983,10.310559999999949,2,7,5,0.5935,2.0772
C12:0,337,337,1.0,0.047672,0.05,2.88684,2.973991999999998,2,6,4,0.5935,1.7804
α-羟丁酸脱氢酶,205,205,1.0,88.9204,96.304,777.4400000000027,1163.6359999999977,2,6,4,0.9756,2.9268
红细胞沉降率,383,383,1.0,1.0,1.0,71.08000000000004,102.3599999999999,1,4,3,0.2611,1.0444
24小时尿蛋白定量,167,167,1.0,0.012830000000000001,0.01898,4.303200000000004,5.04174,2,4,2,1.1976,2.3952
有核红细胞百分数,97057,96927,0.9986605808957623,0.0,0.0,0.0,0.0,40,40,0,0.0413,0.0413
有核红细胞绝对值,97057,96927,0.9986605808957623,0.0,0.0,0.0,0.0,37,37,0,0.0382,0.0382
假菌丝酵母,96276,94937,0.9860920686360048,0.0,0.0,0.0,0.0,71,71,0,0.0748,0.0748
尿微量白蛋白,96276,94934,0.9860609082221945,10.0,10.0,150.0,150.0,4,4,0,0.0042,0.0042
维生素C,96279,91382,0.949137402756572,0.0,0.0,2.8,2.8,13,13,0,0.0142,0.0142
酸碱度,49716,42626,0.8573899750583314,4.0,4.0,5.1,5.1,13,13,0,0.0305,0.0305
宽大管型,32163,31689,0.9852625687902248,0.0,0.0,0.0,0.0,1,1,0,0.0032,0.0032
磷酸铵镁结晶,32163,31689,0.9852625687902248,0.0,0.0,0.0,0.0,28,28,0,0.0884,0.0884
肾小管上皮细胞,32163,31689,0.9852625687902248,0.0,0.0,0.0,0.0,0,0,0,0.0,0.0
颗粒管型,32163,31689,0.9852625687902248,0.0,0.0,1.0,1.0,4,4,0,0.0126,0.0126
尿钙,32163,31685,0.9851382022821255,1.0,1.0,7.5,7.5,1,1,0,0.0032,0.0032
ASTN1,700,699,0.9985714285714286,0.0,0.0,1.0,1.0,0,0,0,0.0,0.0
DLX1,700,699,0.9985714285714286,0.0,0.0,1.0,1.0,0,0,0,0.0,0.0
ITGA4,700,699,0.9985714285714286,0.0,0.0,1.0,1.0,0,0,0,0.0,0.0
RXFP3,700,699,0.9985714285714286,0.0,0.0,1.0,1.0,0,0,0,0.0,0.0
SOX17,700,699,0.9985714285714286,0.0,0.0,1.0,1.0,0,0,0,0.0,0.0
ZNF671,700,699,0.9985714285714286,0.0,0.0,3.0,3.0,0,0,0,0.0,0.0
总评分,700,699,0.9985714285714286,0.0,0.0,8.0,8.0,0,0,0,0.0,0.0
刺激水平-本底水平(T-N),98,98,1.0,0.0,0.0,3598.6890000000017,4730.358900000008,1,1,0,1.0204,1.0204
阳性水平-本底水平(P-N),98,98,1.0,608.1171,4714.9710000000005,4999.0,4999.0,1,1,0,1.0204,1.0204
刺激水平(T),98,97,0.9897959183673469,1.2,1.2,2823.799999999994,3489.079999999997,1,1,0,1.0309,1.0309
本底水平(N),98,92,0.9387755102040817,1.0,1.0,76.01400000000025,137.11140000000046,1,1,0,1.087,1.087
二十二碳六烯酸,59,59,1.0,1.908686,1.99586,144.69882000000007,164.232582,2,2,0,3.3898,3.3898
二十碳五烯酸,59,59,1.0,0.30845,0.3215,21.066140000000004,22.145114,2,2,0,3.3898,3.3898
α-亚麻酸,56,56,1.0,0.17438499999999998,0.17784999999999998,0.4612000000000001,0.47902,2,2,0,3.5714,3.5714
γ-亚麻酸,56,56,1.0,0.156165,0.15765,0.34525,0.347725,2,2,0,3.5714,3.5714
二十二碳五烯酸,56,56,1.0,0.9518399999999999,0.9954,3.6722000000000015,3.90782,2,2,0,3.5714,3.5714
二十碳三烯酸,56,56,1.0,0.24187,0.2587,2.0629500000000003,2.137695,2,2,0,3.5714,3.5714
二十碳二烯酸,56,56,1.0,0.19633,0.1993,5.4144000000000245,9.776340000000001,2,2,0,3.5714,3.5714
亚油酸,56,56,1.0,5.008509999999999,5.0491,18.423250000000003,18.732625,2,2,0,3.5714,3.5714
十七烷酸,56,56,1.0,0.14711,0.14809999999999998,0.5406500000000002,0.558965,2,2,0,3.5714,3.5714
十五烷酸,56,56,1.0,0.106375,0.11875,0.2696500000000001,0.28796499999999997,2,2,0,3.5714,3.5714
山嵛酸,56,56,1.0,0.28676999999999997,0.29369999999999996,1.1796500000000008,1.2969650000000001,2,2,0,3.5714,3.5714
月桂酸,56,56,1.0,0.049055,0.049550000000000004,1.92465,1.933065,2,2,0,3.5714,3.5714
木蜡酸,56,56,1.0,0.46115500000000004,0.47155,1.68395,1.689395,2,2,0,3.5714,3.5714
棕榈油酸,56,56,1.0,0.17103500000000002,0.18935,0.8672500000000004,0.9291250000000001,2,2,0,3.5714,3.5714
棕榈酸,56,56,1.0,6.39691,10.635100000000001,58.336700000000036,64.60637,2,2,0,3.5714,3.5714
油酸,56,56,1.0,7.333245,7.46145,24.544900000000005,25.12999,2,2,0,3.5714,3.5714
硬脂酸,56,56,1.0,9.624945,10.61445,35.49440000000002,39.549440000000004,2,2,0,3.5714,3.5714
神经酸,56,56,1.0,0.40842999999999996,0.4213,1.9072500000000012,2.0978250000000003,2,2,0,3.5714,3.5714
肉豆蔻油酸,56,56,1.0,0.100055,0.10055,0.13770000000000002,0.14067,2,2,0,3.5714,3.5714
肉豆蔻酸,56,56,1.0,0.112345,0.15145,3.3113000000000024,3.72413,2,2,0,3.5714,3.5714
肾上腺酸,56,56,1.0,0.583455,0.62355,3.647400000000002,3.9701400000000007,2,2,0,3.5714,3.5714
芥酸,56,56,1.0,0.12811,0.1291,0.2810000000000001,0.2909,2,2,0,3.5714,3.5714
花生四烯酸,56,56,1.0,7.366435,7.523350000000001,27.792650000000005,28.395065,2,2,0,3.5714,3.5714
花生酸,56,56,1.0,0.19570500000000002,0.21105000000000002,1.1107,1.13347,2,2,0,3.5714,3.5714
鳕油酸,56,56,1.0,0.14044,0.1444,0.82175,0.829175,2,2,0,3.5714,3.5714
尿淀粉酶,37,37,1.0,25.296,36.96,1494.6000000000004,1637.1599999999994,2,2,0,5.4054,5.4054
葡萄糖(随机),34,33,0.9705882352941176,4.2838400000000005,4.3184000000000005,19.352,20.331200000000003,2,2,0,6.0606,6.0606
左氧氟沙星,28,28,1.0,0.12,0.12,8.0,8.0,0,0,0,0.0,0.0
亚胺培南,27,27,1.0,0.006500000000000001,0.065,16.0,16.0,1,1,0,3.7037,3.7037
头孢他啶,27,27,1.0,0.12,0.12,64.0,64.0,0,0,0,0.0,0.0
头孢吡肟,27,27,1.0,0.12,0.12,32.0,32.0,0,0,0,0.0,0.0
阿米卡星,25,25,1.0,2.0,2.0,28.159999999999968,31.615999999999985,1,1,0,4.0,4.0
哌拉西林/他唑巴坦,23,23,1.0,4.0,4.0,128.0,128.0,0,0,0,0.0,0.0
甲氧苄啶/磺胺甲恶唑（复方新诺明）,20,20,1.0,20.0,20.0,320.0,320.0,0,0,0,0.0,0.0
头孢哌酮/舒巴坦,16,16,1.0,8.0,8.0,28.39999999999999,31.639999999999986,1,1,0,6.25,6.25
头孢曲松,16,16,1.0,0.25,0.25,64.0,64.0,0,0,0,0.0,0.0
厄他培南,15,15,1.0,0.00168,0.016800000000000002,0.23179999999999992,0.2481800000000001,2,2,0,13.3333,13.3333
头孢呋辛(注射),15,15,1.0,1.014,1.1400000000000001,64.0,64.0,1,1,0,6.6667,6.6667
头孢西丁,15,15,1.0,4.0,4.0,56.15999999999997,63.21600000000004,1,1,0,6.6667,6.6667
阿莫西林/克拉维酸,15,15,1.0,2.0,2.0,29.75999999999999,31.77600000000001,1,1,0,6.6667,6.6667
抗磷脂酶A2受体抗体IgG,14,14,1.0,0.71,0.71,1.6443999999999999,1.65844,1,1,0,7.1429,7.1429
中性粒细胞明胶酶相关脂质运载蛋白,14,13,0.9285714285714286,1.2576,1.7759999999999998,187.172,187.9172,2,2,0,15.3846,15.3846
二氧化碳分压,13,13,1.0,20.168400000000002,20.784000000000002,43.891999999999996,43.9892,2,2,0,15.3846,15.3846
实际碳酸氢盐,13,13,1.0,10.8984,11.784,28.988,28.9988,2,2,0,15.3846,15.3846
尿N-乙酰-β-D-氨基葡萄糖苷酶,13,13,1.0,3.3072,3.372,21.763999999999992,22.606399999999994,2,2,0,15.3846,15.3846
标准碱剩余,13,13,1.0,-16.7608,-15.508,4.039999999999999,4.093999999999999,2,2,0,15.3846,15.3846
标准碳酸氢盐,13,13,1.0,12.8864,13.664000000000001,30.176,30.197599999999998,2,2,0,15.3846,15.3846
氧分压,13,13,1.0,63.2768,63.968,112.44,112.494,2,2,0,15.3846,15.3846
氯离子,13,13,1.0,103.012,103.12,112.75999999999999,112.976,2,2,0,15.3846,15.3846
血氧饱和度,13,13,1.0,92.41560000000001,92.55600000000001,99.15599999999999,99.2856,2,2,0,15.3846,15.3846
钙离子,13,13,1.0,0.97036,0.9736,1.2715999999999998,1.27916,2,2,0,15.3846,15.3846
钠离子,13,13,1.0,135.012,135.12,143.88,143.988,2,2,0,15.3846,15.3846
钾离子,13,13,1.0,3.4022799999999997,3.4228,4.979999999999999,5.087999999999999,2,2,0,15.3846,15.3846
阴离子间隙,13,13,1.0,6.7276,6.976,17.54,17.594,2,2,0,15.3846,15.3846
妥布霉素,12,12,1.0,1.0,1.0,1.8900000000000006,1.9890000000000008,1,1,0,8.3333,8.3333
替卡西林/克拉维酸,12,12,1.0,8.0,8.0,128.0,128.0,0,0,0,0.0,0.0
环丙沙星,12,12,1.0,0.25,0.25,4.0,4.0,0,0,0,0.0,0.0
美罗培南,12,12,1.0,0.25,0.25,16.0,16.0,0,0,0,0.0,0.0
替加环素,11,11,1.0,0.5,0.5,0.9500000000000002,0.9950000000000001,1,1,0,9.0909,9.0909
粘菌素,10,10,1.0,0.5,0.5,14.920000000000002,15.891999999999996,1,1,0,10.0,10.0
胆碱酯酶,8,8,1.0,5549.736,5565.36,9313.349999999999,9432.735,2,2,0,25.0,25.0
血汞,5,5,1.0,0.434544,0.45744,1.92248,1.923848,2,2,0,40.0,40.0
血砷,5,5,1.0,1.337988,1.48188,30.084399999999995,30.839139999999993,2,2,0,40.0,40.0
血钡,5,5,1.0,0.772844,0.89744,7.09664,7.1077639999999995,2,2,0,40.0,40.0
血铅,5,5,1.0,6.192912,6.264119999999999,40.130399999999995,40.67454,2,2,0,40.0,40.0
血铝,5,5,1.0,0.190184,0.19184,15.563120000000001,15.617912,2,2,0,40.0,40.0
血锑,5,5,1.0,0.298348,0.30147999999999997,0.938,0.9416,2,2,0,40.0,40.0
血镉,5,5,1.0,0.21304,0.2224,7.894080000000001,8.170308,2,2,0,40.0,40.0
单个核细胞,4,4,1.0,0.054,0.54,40.901999999999994,41.3502,2,2,0,50.0,50.0
多个核细胞,4,4,1.0,0.1758,1.758,81.79599999999999,81.9796,2,2,0,50.0,50.0
血硒,4,4,1.0,157.806893,159.06593,336.42213000000004,337.192413,2,2,0,50.0,50.0
血钒,4,4,1.0,0.12937200000000001,0.13272,0.7351399999999999,0.7422139999999999,2,2,0,50.0,50.0
血钨,4,4,1.0,0.0060030000000000005,0.00603,0.023519999999999996,0.023951999999999998,2,2,0,50.0,50.0
血钴,4,4,1.0,0.014216,0.01616,0.25803999999999994,0.261604,2,2,0,50.0,50.0
血钼,4,4,1.0,0.654555,0.65955,1.35163,1.3591630000000001,2,2,0,50.0,50.0
血铊,5,4,0.8,0.015035999999999999,0.015359999999999999,0.06916,0.069916,2,2,0,50.0,50.0
血铜,4,4,1.0,505.793884,510.75184,832.49231,832.598231,2,2,0,50.0,50.0
血铬,4,4,1.0,0.600246,0.60246,1.7864899999999997,1.816649,2,2,0,50.0,50.0
血锂,4,4,1.0,21.063889,21.08989,38.51095,38.671195,2,2,0,50.0,50.0
血锌,4,4,1.0,756.96731,758.9051,1060.58343,1066.680543,2,2,0,50.0,50.0
血锡,5,4,0.8,0.009153,0.01053,0.32761999999999997,0.334262,2,2,0,50.0,50.0
血锰,4,4,1.0,9.915084,9.969840000000001,14.417060000000001,14.433206,2,2,0,50.0,50.0
血镍,5,4,0.8,0.005243,0.007429999999999999,0.24761999999999995,0.251562,2,2,0,50.0,50.0
多西环素,3,3,1.0,0.501,0.51,7.859999999999999,7.986,2,2,0,66.6667,66.6667
氧化型谷胱甘肽,3,3,1.0,420.11737999999997,421.48879999999997,504.87504,505.035204,2,2,0,66.6667,66.6667
米诺环素,3,3,1.0,1.0,1.0,3.94,3.9939999999999998,1,1,0,33.3333,33.3333
还原型谷胱甘肽,3,3,1.0,2.8434440000000003,2.86544,5.094939999999999,5.113894,2,2,0,66.6667,66.6667
17-羟基孕烯醇酮,2,2,1.0,0.6423570000000001,0.66357,2.97343,2.994643,2,2,0,100.0,100.0
17-羟孕酮,2,2,1.0,0.702109,0.70309,0.80991,0.810891,2,2,0,100.0,100.0
4-羟基苯甲酸,2,2,1.0,2.707,2.707,2.707,2.707,0,0,0,0.0,0.0
4-羟苯基乙酸,2,2,1.0,15.538,15.538,15.538,15.538,0,0,0,0.0,0.0
丙三羧酸,2,2,1.0,2.083,2.083,2.083,2.083,0,0,0,0.0,0.0
二羟基苯丙酸,2,2,1.0,0.475,0.475,0.475,0.475,0,0,0,0.0,0.0
双氢睾酮,2,2,1.0,177.0614,182.114,732.286,737.3385999999999,2,2,0,100.0,100.0
吲哚乙酸,2,2,1.0,0.284,0.284,0.284,0.284,0,0,0,0.0,0.0
头孢呋辛,2,2,1.0,16.048,16.48,63.519999999999996,63.952,2,2,0,100.0,100.0
孕烯醇酮,2,2,1.0,0.247836,0.25536,1.07464,1.0821640000000001,2,2,0,100.0,100.0
氨曲南,2,2,1.0,1.0,1.0,1.0,1.0,0,0,0,0.0,0.0
甲基丙二酸,2,2,1.0,3.103,3.103,3.103,3.103,0,0,0,0.0,0.0
皮质酮,2,2,1.0,1.392009,1.45509,8.32391,8.386991,2,2,0,100.0,100.0
维生素A,2,2,1.0,412.68394,413.1694,466.0306,466.51606,2,2,0,100.0,100.0
维生素E,2,2,1.0,8722.71057,8749.3557,11650.7143,11677.35943,2,2,0,100.0,100.0
维生素K1,2,2,1.0,1234.53378,1236.9078,1495.4122,1497.78622,2,2,0,100.0,100.0
脱氢表雄酮,2,2,1.0,0.985277,1.02377,5.21523,5.253723,2,2,0,100.0,100.0
脱氢表雄酮硫酸盐,2,2,1.0,402.754903,427.20703000000003,3089.77197,3114.224097,2,2,0,100.0,100.0
苯丙酸,2,2,1.0,0.131,0.131,0.131,0.131,0,0,0,0.0,0.0
苯乙酸,2,2,1.0,1.757,1.757,1.757,1.757,0,0,0,0.0,0.0
苯甲酸,2,2,1.0,8.644,8.644,8.644,8.644,0,0,0,0.0,0.0
辅酶Q10,2,2,1.0,82.489,82.57000000000001,91.39,91.471,2,2,0,100.0,100.0
雄烯二酮,2,2,1.0,0.386784,0.39384,1.16216,1.169216,2,2,0,100.0,100.0
雌酮,2,2,1.0,21.7435,22.134999999999998,64.765,65.1565,2,2,0,100.0,100.0
马尿酸,2,2,1.0,591.987,591.987,591.987,591.987,0,0,0,0.0,0.0
2-甲基马尿酸,1,1,1.0,0.06,0.06,0.06,0.06,0,0,0,0.0,0.0
α-羟丁酸,1,1,1.0,3.011,3.011,3.011,3.011,0,0,0,0.0,0.0
α-酮β-甲基戊酸,1,1,1.0,1.208,1.208,1.208,1.208,0,0,0,0.0,0.0
α-酮异己酸,1,1,1.0,0.854,0.854,0.854,0.854,0,0,0,0.0,0.0
α-酮异戊酸,1,1,1.0,0.193,0.193,0.193,0.193,0,0,0,0.0,0.0
α-酮戊二酸,1,1,1.0,1.906,1.906,1.906,1.906,0,0,0,0.0,0.0
β-羟基异戊酸,1,1,1.0,14.398,14.398,14.398,14.398,0,0,0,0.0,0.0
万古霉素,1,1,1.0,0.5,0.5,0.5,0.5,0,0,0,0.0,0.0
丙酮酸,1,1,1.0,4.648,4.648,4.648,4.648,0,0,0,0.0,0.0
乙基丙二酸,1,1,1.0,3.168,3.168,3.168,3.168,0,0,0,0.0,0.0
乳清酸,1,1,1.0,0.846,0.846,0.846,0.846,0,0,0,0.0,0.0
保护性雌激素代谢物,1,1,1.0,0.984,0.984,0.984,0.984,0,0,0,0.0,0.0
利福平,1,1,1.0,8.0,8.0,8.0,8.0,0,0,0,0.0,0.0
富马酸,1,1,1.0,0.583,0.583,0.583,0.583,0,0,0,0.0,0.0
己二酸,1,1,1.0,1.336,1.336,1.336,1.336,0,0,0,0.0,0.0
庆大霉素,1,1,1.0,4.0,4.0,4.0,4.0,0,0,0,0.0,0.0
异柠檬酸,1,1,1.0,49.83,49.83,49.83,49.83,0,0,0,0.0,0.0
替考拉宁,1,1,1.0,1.0,1.0,1.0,1.0,0,0,0,0.0,0.0
柠檬酸,1,1,1.0,1225.362,1225.362,1225.362,1225.362,0,0,0,0.0,0.0
柠苹酸,1,1,1.0,32.1,32.1,32.1,32.1,0,0,0,0.0,0.0
焦谷胺酸,1,1,1.0,18.243,18.243,18.243,18.243,0,0,0,0.0,0.0
琥珀酸,1,1,1.0,13.291,13.291,13.291,13.291,0,0,0,0.0,0.0
白细胞计数(CSF),1,1,1.0,0.0,0.0,0.0,0.0,0,0,0,0.0,0.0
红细胞计数(CSF),1,1,1.0,0.0,0.0,0.0,0.0,0,0,0,0.0,0.0
羟甲基戊二酸,1,1,1.0,4.347,4.347,4.347,4.347,0,0,0,0.0,0.0
脑脊液氯化物,1,1,1.0,124.0,124.0,124.0,124.0,0,0,0,0.0,0.0
脑脊液葡萄糖,1,1,1.0,5.5,5.5,5.5,5.5,0,0,0,0.0,0.0
脑脊液蛋白,1,1,1.0,0.43,0.43,0.43,0.43,0,0,0,0.0,0.0
致癌性雌激素代谢物,1,1,1.0,0.016,0.016,0.016,0.016,0,0,0,0.0,0.0
苦杏仁酸,1,1,1.0,1.655,1.655,1.655,1.655,0,0,0,0.0,0.0
苯唑西林,1,1,1.0,4.0,4.0,4.0,4.0,0,0,0,0.0,0.0
苯基乙醛酸,1,1,1.0,0.212,0.212,0.212,0.212,0,0,0,0.0,0.0
苹果酸,1,1,1.0,1.18,1.18,1.18,1.18,0,0,0,0.0,0.0
莫西沙星,1,1,1.0,8.0,8.0,8.0,8.0,0,0,0,0.0,0.0
葡萄糖酸,1,1,1.0,4.162,4.162,4.162,4.162,0,0,0,0.0,0.0
辛二酸,1,1,1.0,0.725,0.725,0.725,0.725,0,0,0,0.0,0.0
达托霉素,1,1,1.0,8.0,8.0,8.0,8.0,0,0,0,0.0,0.0
酒石酸,1,1,1.0,2.943,2.943,2.943,2.943,0,0,0,0.0,0.0
阿拉伯糖醇,1,1,1.0,0.707,0.707,0.707,0.707,0,0,0,0.0,0.0
青霉素,1,1,1.0,0.5,0.5,0.5,0.5,0,0,0,0.0,0.0
顺式乌头酸,1,1,1.0,63.234,63.234,63.234,63.234,0,0,0,0.0,0.0
黄尿酸,1,1,1.0,0.235,0.235,0.235,0.235,0,0,0,0.0,0.0
